date,month,days_in_a_month,evap,pevap,precipitation,temperature,scenario
1950-01-01,1,31,31.21208940790773,55.591637872338765,77.45619407951341,8.30891873936531,1950_2022
1950-02-01,2,28.25,43.28607752741242,73.09405475085391,66.3726621522608,9.984445828647722,1950_2022
1950-03-01,3,31,69.90009500459172,118.37382106318196,65.30838941731885,12.068708764969585,1950_2022
1950-04-01,4,30,83.63290776845817,197.2726060879446,11.704543015190334,14.31337394859304,1950_2022
1950-05-01,5,31,89.49417817070069,207.11468350325111,149.45954534997597,16.68075651418809,1950_2022
1950-06-01,6,30,113.89010744800204,233.4406270371972,42.071510094920214,20.09558508023423,1950_2022
1950-07-01,7,31,54.322569806282175,345.91625718421164,1.3509866893488405,24.228358644744503,1950_2022
1950-08-01,8,31,30.017048871860943,315.55663628743486,1.1616702530549208,22.8639732640832,1950_2022
1950-09-01,9,30,18.976571562286722,256.56553463584544,5.948712653672909,21.4734983612704,1950_2022
1950-10-01,10,31,43.070862267209066,139.14076446256266,43.33190643753044,17.147469077119695,1950_2022
1950-11-01,11,30,27.10895604081597,77.98801077693186,37.903495005545544,14.011895025954004,1950_2022
1950-12-01,12,31,24.610731303035863,54.31949067734349,64.63000552059887,8.306986182168941,1950_2022
1951-01-01,1,31,31.727522226969437,58.720432324894325,86.19630288841707,8.688666228458771,1950_2022
1951-02-01,2,28.25,39.46925747462215,64.10168210898628,99.3819166976846,8.699295293038972,1950_2022
1951-03-01,3,31,71.56093408823502,124.04690990572787,122.02443845704558,11.50730089941419,1950_2022
1951-04-01,4,30,77.42554478620958,165.92920614848188,58.10233736174592,13.395409280301067,1950_2022
1951-05-01,5,31,91.33446423579511,185.1787399787396,45.39861086707261,13.981940389409715,1950_2022
1951-06-01,6,30,71.26252011097706,283.4170460489521,13.231288469173762,20.581623215129866,1950_2022
1951-07-01,7,31,38.77177075414618,296.955781355208,3.1179400947589713,22.396294422553353,1950_2022
1951-08-01,8,31,25.33997329148614,308.09566490057125,3.086387355376651,21.80589819905191,1950_2022
1951-09-01,9,30,27.655795160680732,221.3624378885508,14.773301377696974,20.89663003814377,1950_2022
1951-10-01,10,31,20.58653729347256,161.86750218936848,24.179393632459938,16.093259126481257,1950_2022
1951-11-01,11,30,36.944670480545575,68.0725827706049,189.78413276781433,11.962418119167353,1950_2022
1951-12-01,12,31,30.937191904408152,54.835226026666,41.80159857748771,10.04628765893267,1950_2022
1952-01-01,1,31,28.482204477321616,53.597461188292264,62.0269045215572,6.7957264545808584,1950_2022
1952-02-01,2,28.25,45.49892853340567,80.33181809674753,43.340943606194216,9.303219416915283,1950_2022
1952-03-01,3,31,69.16321697437758,110.84408496307537,183.47339840412084,12.780856091844555,1950_2022
1952-04-01,4,30,91.68031049187331,169.2232577344763,45.231873184665844,13.30941048506105,1950_2022
1952-05-01,5,31,106.09493296536981,171.4601796867646,121.09363264526704,16.117416091436326,1950_2022
1952-06-01,6,30,107.70860847817947,212.87775956098918,44.54483773037334,19.81439800815741,1950_2022
1952-07-01,7,31,65.21920140333498,306.37654706949667,2.408003458656719,22.872669771466974,1950_2022
1952-08-01,8,31,41.73837297941249,279.3863971216259,14.618913599615928,21.487026261645212,1950_2022
1952-09-01,9,30,47.401121218500045,208.95151625647057,32.849967552860456,18.713806684805263,1950_2022
1952-10-01,10,31,36.324419368823534,119.06146819561162,63.5098832725264,16.660464663625874,1950_2022
1952-11-01,11,30,31.7570885596664,80.61659739605868,59.369536088552145,12.449422532661231,1950_2022
1952-12-01,12,31,27.48188300625371,47.443019353045194,56.85225526285609,9.671371562830245,1950_2022
1953-01-01,1,31,34.07560506936169,65.63128600581418,51.83536970106663,8.09247233336805,1950_2022
1953-02-01,2,28.25,47.39168159513576,83.9037013064091,51.6220109486002,8.776597580895157,1950_2022
1953-03-01,3,31,75.70730476602036,151.79347169927152,73.27545611135555,11.698624061858197,1950_2022
1953-04-01,4,30,81.46402558358918,164.79791570480697,64.88108717743225,13.63987776564619,1950_2022
1953-05-01,5,31,83.01499673405087,259.61654206426834,13.9563060725871,19.299371515315727,1950_2022
1953-06-01,6,30,40.425227581306395,287.8756613269648,9.918250834029807,19.518716757107597,1950_2022
1953-07-01,7,31,32.067326085461985,339.2804623562638,1.4140921681134802,23.419583458049374,1950_2022
1953-08-01,8,31,21.667037203061188,338.0770798745116,0.37285176849681523,25.462296414648563,1950_2022
1953-09-01,9,30,24.4597421966063,235.83630091792054,13.87252155984682,21.88706560130089,1950_2022
1953-10-01,10,31,34.88884351721462,128.92920454597967,62.941933963644594,16.00726033124124,1950_2022
1953-11-01,11,30,30.367821606496477,81.21551586623963,70.40790572085214,13.778055605189081,1950_2022
1953-12-01,12,31,33.39599735237662,59.304932387459736,99.06982055640515,10.957488377037237,1950_2022
1954-01-01,1,31,27.24134769069157,57.895255765978646,20.298406688434156,6.414046408291085,1950_2022
1954-02-01,2,28.25,37.225092539298785,77.88789800592632,28.01521828153321,7.95719332961977,1950_2022
1954-03-01,3,31,60.32449863268968,102.7642311570249,129.97572878139113,10.874388417591831,1950_2022
1954-04-01,4,30,79.91957455586305,181.96691184999034,73.00337299262394,13.147075680563091,1950_2022
1954-05-01,5,31,89.9294325512417,245.48539349283539,9.586251668135308,17.605485132667468,1950_2022
1954-06-01,6,30,48.129008425347045,286.27854540648264,8.834261561701563,19.958373519289523,1950_2022
1954-07-01,7,31,33.09437370270347,362.454170719149,0.15198259282057577,24.2757062960564,1950_2022
1954-08-01,8,31,22.26646648152556,291.5577513656338,9.602028037826523,21.977895789531885,1950_2022
1954-09-01,9,30,16.54904925315736,252.07364610948935,1.4142786553422715,21.032875320490234,1950_2022
1954-10-01,10,31,18.02464528169175,179.0586805001141,17.19046185927527,19.49842490654538,1950_2022
1954-11-01,11,30,36.0283454688803,71.96555282678027,115.55376879514132,14.0592426772659,1950_2022
1954-12-01,12,31,28.363845829981518,53.45993176180625,26.466967237678404,9.507104201135917,1950_2022
1955-01-01,1,31,31.448806702587923,52.18778456681097,145.59433477564133,11.847430965981346,1950_2022
1955-02-01,2,28.25,44.977029711237456,71.68410085230326,119.59577205084919,10.074309738280533,1950_2022
1955-03-01,3,31,68.71269051030882,110.25958490050995,103.59763865776854,10.674368747763992,1950_2022
1955-04-01,4,30,94.35538834850901,175.14589593959778,16.040500104503206,15.759893010101507,1950_2022
1955-05-01,5,31,78.48682396807168,246.13865826864378,23.090824123769845,18.88870311107985,1950_2022
1955-06-01,6,30,51.772139318500095,295.0959562174781,5.597561199256716,21.564328549501397,1950_2022
1955-07-01,7,31,33.10582776534929,314.80022444176194,0.7357082713935481,22.700672180987056,1950_2022
1955-08-01,8,31,28.738011876411505,298.05601676709574,7.4406653901373385,24.237055152128335,1950_2022
1955-09-01,9,30,15.65489339500012,269.8748339731969,0.5898361101912275,22.521910640319675,1950_2022
1955-10-01,10,31,21.880846372449756,166.85294389948473,31.16832540564472,17.867346632780254,1950_2022
1955-11-01,11,30,39.19114470269269,71.79918658506347,123.49284515585502,13.226310525615702,1950_2022
1955-12-01,12,31,30.971554092345603,55.4197260892312,172.55615057783683,11.518896242592632,1950_2022
1956-01-01,1,31,30.482847419457453,52.87543169924084,183.07898916184178,9.414341455708495,1950_2022
1956-02-01,2,28.25,47.113335556646035,94.30602784682743,36.32503932998915,5.361769014849017,1950_2022
1956-03-01,3,31,63.07729168856741,98.67273071906745,172.72969064443967,10.875354696190016,1950_2022
1956-04-01,4,30,88.26256599271859,140.64153740751394,115.66064097692015,12.577937586222106,1950_2022
1956-05-01,5,31,119.38164563451618,244.90089343027006,28.94385727919089,17.78521295193309,1950_2022
1956-06-01,6,30,77.48835738781568,305.04465747214823,0.6661733828903366,21.54017158454633,1950_2022
1956-07-01,7,31,55.08617398266989,326.62775511955505,2.5815435252594248,22.93451160175192,1950_2022
1956-08-01,8,31,42.181263401717366,295.0303693844045,9.112960577400402,21.769179612320215,1950_2022
1956-09-01,9,30,40.048351971669874,190.98396215104603,40.30048536829946,18.988229806694676,1950_2022
1956-10-01,10,31,58.656023507282505,131.8860872154281,68.16391233141913,17.183221385253205,1950_2022
1956-11-01,11,30,32.835987363723895,89.46728145539754,26.117020100793717,10.038557430147023,1950_2022
1956-12-01,12,31,19.192959671564967,51.22507858140927,44.81488518849964,7.432504050796069,1950_2022
1957-01-01,1,31,26.954996124546174,57.310755703413236,21.607845372800597,6.932938015525565,1950_2022
1957-02-01,2,28.25,37.54866980904309,63.31837438756928,81.74151803599689,10.604796688693455,1950_2022
1957-03-01,3,31,71.6372945058738,122.08711557830293,95.67790107280533,13.451453438996793,1950_2022
1957-04-01,4,30,88.14063564842441,174.97952969788088,50.80449409170528,13.381881379926199,1950_2022
1957-05-01,5,31,99.6081154869561,218.73592004131518,70.67235511231388,16.119348648632695,1950_2022
1957-06-01,6,30,73.43509715476407,250.909082417471,22.162749374976705,19.574760915803324,1950_2022
1957-07-01,7,31,43.39157602129192,360.63190581821,2.218687022362692,24.95500015059247,1950_2022
1957-08-01,8,31,28.100402389127755,307.8549884042207,0.9250247076874676,24.548196860749385,1950_2022
1957-09-01,9,30,34.982700395084876,227.68435507379274,24.895623737606932,22.266813090394294,1950_2022
1957-10-01,10,31,38.26015595596641,136.5277053593294,32.5408695687758,16.574465868385857,1950_2022
1957-11-01,11,30,36.39044164284481,90.46547890569897,68.80482299416956,12.071607600764196,1950_2022
1957-12-01,12,31,25.04980370445881,50.950019728437454,59.97597646170614,7.579378397722792,1950_2022
1958-01-01,1,31,32.63621119687084,60.439550155969,113.66296252072978,9.28099500915664,1950_2022
1958-02-01,2,28.25,47.55868921822958,81.83576892186822,64.44616384690944,11.614557823814607,1950_2022
1958-03-01,3,31,61.53099323138228,105.41167261687973,129.48666132096508,11.391347467629942,1950_2022
1958-04-01,4,30,99.21412782568572,181.13508064140592,47.09450263852558,13.492037140121283,1950_2022
1958-05-01,5,31,68.75468874001014,259.30710085467496,6.22588492391786,17.587125839301677,1950_2022
1958-06-01,6,30,61.84432472898203,258.32901679804456,22.269621556755478,19.4607400412155,1950_2022
1958-07-01,7,31,42.269077882001966,329.3783436492743,2.455332567730145,22.83691746333352,1950_2022
1958-08-01,8,31,36.08770207414334,287.39748621443334,18.957415264685398,22.75091866809356,1950_2022
1958-09-01,9,30,28.52778186532993,204.85890671023495,10.361007015684994,21.036740434883086,1950_2022
1958-10-01,10,31,26.210482052568146,189.57968162629047,26.735165522428176,17.90889661250293,1950_2022
1958-11-01,11,30,20.642952934307033,109.19831772302116,25.781136100917305,12.40014232415291,1950_2022
1958-12-01,12,31,33.85797787909119,57.448285129899254,250.175889458353,10.731379185057904,1950_2022
1959-01-01,1,31,35.69444592330367,62.158667987043465,94.51044971565938,10.828973323476362,1950_2022
1959-02-01,2,28.25,47.71177953939893,83.02639665842209,37.3170421887149,9.047155588391718,1950_2022
1959-03-01,3,31,60.93538197379985,100.42623090676346,117.25997481031467,11.546918321940495,1950_2022
1959-04-01,4,30,91.54729557082513,159.2745564798061,59.766489906587836,13.30651164926644,1950_2022
1959-05-01,5,31,105.94221213009226,184.42232813306674,81.6369320476713,16.06620332573158,1950_2022
1959-06-01,6,30,81.67093768299746,273.9341702710892,6.101387199071231,20.45310816156899,1950_2022
1959-07-01,7,31,52.17684207063267,321.43601926970985,0.6410500532465884,24.55496081093679,1950_2022
1959-08-01,8,31,33.88088600438282,298.6061344730395,1.177446622746027,23.915284378927026,1950_2022
1959-09-01,9,30,45.54999690057949,182.4992838234844,36.20880755162396,20.535241842416156,1950_2022
1959-10-01,10,31,55.40688773675274,130.37326352408232,73.87495815961974,16.488467073145898,1950_2022
1959-11-01,11,30,34.6464682335464,69.17059996593645,159.23395623360645,12.223313340681955,1950_2022
1959-12-01,12,31,28.661651458772734,49.50596075033481,82.17332861717084,10.391249118490805,1950_2022
1960-01-01,1,31,31.731340247851374,52.25654928005409,89.06760217220855,9.160210184381356,1950_2022
1960-02-01,2,28.25,45.672894807461745,74.53534095826133,179.4178574879173,10.786457065155446,1950_2022
1960-03-01,3,31,74.237366726474,115.38255603711222,147.029984417537,12.229111012271176,1950_2022
1960-04-01,4,30,99.39148105374998,180.03706344607437,42.60587100381439,15.19268747295689,1950_2022
1960-05-01,5,31,115.38799579200838,190.1297993322343,104.41800988170897,17.216074857592048,1950_2022
1960-06-01,6,30,103.66273796296389,279.39098299940326,32.62095573476297,21.58365412146543,1950_2022
1960-07-01,7,31,60.519217697668545,328.31249059400807,1.7927250407013193,23.170283579713214,1950_2022
1960-08-01,8,31,46.648347833585554,266.6649251716741,10.311964673928774,21.490891376038007,1950_2022
1960-09-01,9,30,34.797957449184615,218.9334907594841,16.36111664983973,21.157525259658314,1950_2022
1960-10-01,10,31,52.16920602886879,97.15990702772169,168.54895267628171,14.777187675730033,1950_2022
1960-11-01,11,30,35.41499888849147,54.39727770147632,144.2565833300293,12.925797881574852,1950_2022
1960-12-01,12,31,29.131268027251185,52.11901985356807,68.73186164030095,8.467388429470475,1950_2022
1961-01-01,1,31,28.30275749587051,47.064813430208915,55.21151281497529,8.7659685163149,1950_2022
1961-02-01,2,28.25,46.27481811569576,75.25598406196504,19.187830524176803,12.468748104625263,1950_2022
1961-03-01,3,31,83.5113394487029,154.23461901939743,34.32359934387703,14.640942393383511,1950_2022
1961-04-01,4,30,85.33993258857653,148.22783802980436,80.10273935364674,14.157803094282485,1950_2022
1961-05-01,5,31,94.824135321887,239.36533401420996,106.61092526878046,19.209507605682916,1950_2022
1961-06-01,6,30,115.8890261226428,246.250827649398,40.13254336836131,20.72656500486022,1950_2022
1961-07-01,7,31,71.34712491884646,325.32122556793826,4.127627754993316,24.188741222218255,1950_2022
1961-08-01,8,31,45.2394981281502,337.3894327420818,1.3036575802753068,26.394755261913588,1950_2022
1961-09-01,9,30,43.569552520528745,200.034285700445,44.315825912275805,20.98842650497295,1950_2022
1961-10-01,10,31,44.735519371734306,115.79514431657006,48.68009576283426,15.499964067185147,1950_2022
1961-11-01,11,30,33.87793757860133,73.56266874726244,138.05799678685668,11.94019371140871,1950_2022
1961-12-01,12,31,26.40138309666508,41.39172458766279,140.68788380169002,11.514064849601596,1950_2022
1962-01-01,1,31,33.4532676656057,53.322402335320234,80.23283514515789,9.412408898512126,1950_2022
1962-02-01,2,28.25,47.76744874709687,92.23809546228654,37.28828848266483,9.01526839465106,1950_2022
1962-03-01,3,31,62.5809489739154,100.32308383689902,193.50716952769974,11.401010253611958,1950_2022
1962-04-01,4,30,89.19367044005587,155.98050489381157,45.70516427540069,14.044748498292847,1950_2022
1962-05-01,5,31,97.4738418139524,258.6882184354881,21.292317978977394,17.288545752457196,1950_2022
1962-06-01,6,30,80.2521118584835,276.2965709034691,17.842059740203613,22.347980492643273,1950_2022
1962-07-01,7,31,49.85166735353206,326.86843161590537,0.5148390957173087,22.929680208760942,1950_2022
1962-08-01,8,31,39.86754274726258,322.50187232497603,0.4044045078791352,24.70956538664916,1950_2022
1962-09-01,9,30,33.2682858571305,220.26442069321922,23.399413192703168,21.947941152987596,1950_2022
1962-10-01,10,31,54.99454148150336,122.91229213721883,70.75123696076969,18.18042089859773,1950_2022
1962-11-01,11,30,38.13441505214323,72.43137830358764,74.194234446731,10.328441009607673,1950_2022
1962-12-01,12,31,25.114710059451756,61.05843257515576,70.8616715486078,9.324477546075684,1950_2022
1963-01-01,1,31,36.53059249644822,61.29910907150624,188.61649492343957,9.605664618152502,1950_2022
1963-02-01,2,28.25,39.76500014051747,61.93975279787535,162.0506190337048,8.607498826209792,1950_2022
1963-03-01,3,31,68.66305623884362,120.53990953033583,70.05707669435853,11.491840441842953,1950_2022
1963-04-01,4,30,95.59686094495873,161.2376781320654,101.06495443683883,14.076635692033506,1950_2022
1963-05-01,5,31,101.35676905088398,246.31057005175128,47.733513581364555,17.520452616025693,1950_2022
1963-06-01,6,30,100.99135496524619,234.60519072921554,44.33109336681564,19.166025068763815,1950_2022
1963-07-01,7,31,63.726355238496986,328.381255307251,0.32552265942328157,24.177145879039813,1950_2022
1963-08-01,8,31,40.493698171900505,313.94066552622473,0.7672610107758681,22.202072424314736,1950_2022
1963-09-01,9,30,37.93858752948894,214.27523599141108,14.971778286714844,20.288840799874663,1950_2022
1963-10-01,10,31,23.805128896946808,177.92406273160495,31.010561708733007,19.567030687017677,1950_2022
1963-11-01,11,30,39.143111536758624,61.95030507542339,151.46282187283092,13.054312935135727,1950_2022
1963-12-01,12,31,30.242312103895326,47.99313705898905,154.53953639053006,9.254905487005146,1950_2022
1964-01-01,1,31,37.35146698606503,64.53105059392647,57.87771929278165,9.183400870738183,1950_2022
1964-02-01,2,28.25,39.827627999177665,61.59509740045177,185.90181820219698,10.460821177561343,1950_2022
1964-03-01,3,31,66.02098578854209,105.37729026025816,112.84259129678941,11.129485967517212,1950_2022
1964-04-01,4,30,98.99613114952342,169.38962397619323,29.521662463176668,13.051414099341116,1950_2022
1964-05-01,5,31,79.16261366417481,260.5792480496701,22.83840220871118,19.731298048712063,1950_2022
1964-06-01,6,30,86.3264599196839,251.07544865918794,32.682025552922305,21.25898451246951,1950_2022
1964-07-01,7,31,65.16956713186977,303.21337026031944,8.355694832224723,23.465964830763085,1950_2022
1964-08-01,8,31,42.475251009626646,311.08692992664095,2.171357913289266,24.502781766633916,1950_2022
1964-09-01,9,30,38.42261404774762,228.91546526249775,54.51448554488493,23.601243834511365,1950_2022
1964-10-01,10,31,47.38140784291777,149.2835596659026,9.444264340914813,16.50489380931532,1950_2022
1964-11-01,11,30,27.544949393140577,69.56987894605714,31.048407917160095,12.520927148928195,1950_2022
1964-12-01,12,31,20.636171564937772,55.79793201206769,35.869683573610864,7.6489504567933295,1950_2022
1965-01-01,1,31,28.967093129327825,57.9296381226002,115.00395394447854,8.60363371181694,1950_2022
1965-02-01,2,28.25,45.004864315086415,78.10722416792312,96.0608636489072,8.576577911067318,1950_2022
1965-03-01,3,31,69.21666926672472,118.27067399331752,94.71554252164445,12.229111012271176,1950_2022
1965-04-01,4,30,82.48011178604057,204.29326148839743,16.40691901345928,14.887343435925061,1950_2022
1965-05-01,5,31,73.94719713944664,271.7878963082763,7.7246400445782175,19.66269226823971,1950_2022
1965-06-01,6,30,57.52503465383405,285.71290018464526,13.353428105492421,21.651293623339598,1950_2022
1965-07-01,7,31,37.23310833872493,304.6230468818005,2.8970709190827315,21.086986921989592,1950_2022
1965-08-01,8,31,31.303721909074252,312.5309889047435,1.6980668225543596,23.89982392135579,1950_2022
1965-09-01,9,30,27.389765318584363,203.79416276324685,55.629009726292836,19.293573843726506,1950_2022
1965-10-01,10,31,57.430438804180206,92.69020066692794,166.15094448322517,16.390872934727497,1950_2022
1965-11-01,11,30,40.4991247596665,68.37204200569546,106.4390984348604,11.755634499152109,1950_2022
1965-12-01,12,31,25.75613756761745,39.94766560956015,97.44485447821546,10.417338640642242,1950_2022
1966-01-01,1,31,30.272856270950836,47.786842919260124,143.322537540114,12.073540157960622,1950_2022
1966-02-01,2,28.25,46.198272955111086,72.74939935343055,208.71788395288846,11.596198530448817,1950_2022
1966-03-01,3,31,81.11362233484545,162.65829639166282,0.5306154654084149,11.98367624832781,1950_2022
1966-04-01,4,30,86.72550468282846,152.32044757603998,155.64610441674546,14.017692697543168,1950_2022
1966-05-01,5,31,95.19066532655313,261.3012775387215,5.295079112139261,19.009487935855077,1950_2022
1966-06-01,6,30,70.2796876387877,255.13478495708023,19.078723557930182,20.05790021490435,1950_2022
1966-07-01,7,31,54.551651059198484,316.2786657764861,1.47719764687812,23.403156721879952,1950_2022
1966-08-01,8,31,39.98590139460267,281.7931620851303,2.3922270889655053,23.013746446804475,1950_2022
1966-09-01,9,30,51.11814929001319,212.245567842465,50.147993546492394,22.727727981736678,1950_2022
1966-10-01,10,31,57.49152713829122,103.45187828945457,109.3244608556603,14.937589923031567,1950_2022
1966-11-01,11,30,34.74253456541453,63.71378723762234,49.79684209207625,9.309983367102689,1950_2022
1966-12-01,12,31,24.00366598280763,45.62075445210627,19.95132655522864,8.810417331832184,1950_2022
1967-01-01,1,31,26.767913101331178,46.89290164710134,85.04462790096227,8.452894250497422,1950_2022
1967-02-01,2,28.25,46.49401562100641,76.07062409223879,81.08018279684646,10.113927160806782,1950_2022
1967-03-01,3,31,79.81167721410436,146.05161814348247,42.7166280195751,13.568373149379227,1950_2022
1967-04-01,4,30,91.27018115197475,173.5155067707722,66.57577463135378,13.51812666227272,1950_2022
1967-05-01,5,31,93.4496478043891,202.30115357624223,49.34270328986309,14.888309714523245,1950_2022
1967-06-01,6,30,89.18258586330185,279.0249772676261,40.025671186582436,21.41552164537825,1950_2022
1967-07-01,7,31,45.991648241892115,306.5140764959826,0.48328635633498873,23.103610356437287,1950_2022
1967-08-01,8,31,31.990965667823207,283.37475048971885,2.423779828347825,22.470697874614928,1950_2022
1967-09-01,9,30,23.25152333041863,200.30047168719202,8.269365743727718,20.414457017640927,1950_2022
1967-10-01,10,31,30.501937523867156,142.16641184525395,33.70832092592174,17.662495569961436,1950_2022
1967-11-01,11,30,36.1613603899285,72.69756429033457,113.99648843207828,12.027158785246911,1950_2022
1967-12-01,12,31,26.78700320574088,60.164491302996964,10.580162958678548,7.693399272310614,1950_2022
1968-01-01,1,31,24.16784088073099,64.70296237703383,2.8655181797004117,8.918640534830843,1950_2022
1968-02-01,2,28.25,38.42198050480458,67.95555609835816,179.1015667213671,10.082039967066123,1950_2022
1968-03-01,3,31,69.60610739668246,116.7922326585933,89.49356415386993,10.81447914450331,1950_2022
1968-04-01,4,30,85.69833390362302,147.0632743377861,45.70516427540069,12.653307316881865,1950_2022
1968-05-01,5,31,98.4130749509093,222.44921455643626,39.52980134196041,16.822799468123833,1950_2022
1968-06-01,6,30,64.86671932391022,291.03661991958575,8.788459198082014,21.55369948492114,1950_2022
1968-07-01,7,31,43.07468028809102,319.9231955783642,1.9031596285394927,23.861172777427726,1950_2022
1968-08-01,8,31,32.70493557274573,286.02219194957365,9.23917153492979,23.217631231025166,1950_2022
1968-09-01,9,30,24.448657619852288,188.02264304848526,9.994588106728916,20.110079259207282,1950_2022
1968-10-01,10,31,19.10896321216232,159.63264900897153,58.65076140764854,20.024080463967266,1950_2022
1968-11-01,11,30,41.943814596606494,70.63462289304523,133.29455097042845,13.526823169656552,1950_2022
1968-12-01,12,31,30.902829716470706,51.431372721138196,83.5143200409196,9.57860881740288,1950_2022
1969-01-01,1,31,32.85002036625939,57.379520416656355,106.21651602650141,10.30911543764364,1950_2022
1969-02-01,2,28.25,46.45226371523296,80.20648886132075,171.4962114711366,9.055852095775549,1950_2022
1969-03-01,3,31,66.53641860760379,105.3429079036366,165.48833695619638,11.099531330972923,1950_2022
1969-04-01,4,30,91.42536522653094,162.06950934064994,38.346251187200735,12.866854887084514,1950_2022
1969-05-01,5,31,102.54799156604884,193.08668200168262,82.33109231408244,15.088329384351084,1950_2022
1969-06-01,6,30,100.60339477885566,214.47487548147132,47.65939845649948,19.096453009693278,1950_2022
1969-07-01,7,31,77.83012437637822,324.6679607921299,9.870226322576189,25.879728769071846,1950_2022
1969-08-01,8,31,43.101406434264575,314.3188714490611,0.4517336169526688,24.241886545119314,1950_2022
1969-09-01,9,30,45.31722078874517,173.9480589992361,57.36949954383392,18.540842815727103,1950_2022
1969-10-01,10,31,62.985659187400884,112.8038792905003,90.47169907472195,17.047942381504868,1950_2022
1969-11-01,11,30,36.364577630418765,69.17059996593645,69.85827735741813,11.067644137232264,1950_2022
1969-12-01,12,31,26.004308924943455,50.50304909235806,43.17414274061879,8.01130493111907,1950_2022
1970-01-01,1,31,32.2276829625034,47.443019353045194,315.1114271071751,10.747805921227382,1950_2022
1970-02-01,2,28.25,45.864257708923425,82.2430889370051,12.790130928047208,9.32157871028113,1950_2022
1970-03-01,3,31,65.95989745443107,138.04052905067493,33.014160659510594,10.18446549847556,1950_2022
1970-04-01,4,30,76.52769406913434,205.62419142213267,13.475567741811078,14.037018269507257,1950_2022
1970-05-01,5,31,104.4837281531917,220.14559666279627,86.90623952451936,17.643169997997347,1950_2022
1970-06-01,6,30,104.84509281672553,213.70959076957368,99.01911552850112,18.49639400020982,1950_2022
1970-07-01,7,31,65.33756005067507,302.59448784113255,3.4019147491998503,23.67854612236755,1950_2022
1970-08-01,8,31,41.707828812356986,271.4096903854399,3.2599274219794645,22.051332962995218,1950_2022
1970-09-01,9,30,27.76294606930288,235.23738244773972,1.444813564421936,22.91035463679691,1950_2022
1970-10-01,10,31,22.0335672077273,201.304065234219,5.500171918124394,18.143702311866036,1950_2022
1970-11-01,11,30,23.942461948085594,112.25945657061192,53.61370572703472,15.290281611375349,1950_2022
1970-12-01,12,31,26.59228414076201,56.24490264814708,33.73987366530406,6.58024632718184,1950_2022
1971-01-01,1,31,28.967093129327825,51.190696224787715,109.81352831608632,8.841338246974658,1950_2022
1971-02-01,2,28.25,46.897617376816505,90.42082154859901,19.734150939127233,10.353564253160926,1950_2022
1971-03-01,3,31,64.9137597327799,157.638472324925,49.62667794430402,10.237610821376677,1950_2022
1971-04-01,4,30,79.07345186363986,124.70365145103558,142.0122675126737,12.14601105282577,1950_2022
1971-05-01,5,31,96.77132597167571,158.6011783103268,131.28516746575755,13.77515676939447,1950_2022
1971-06-01,6,30,107.76772622086757,203.6943430182167,56.14810318064718,17.912761726895724,1950_2022
1971-07-01,7,31,86.94755824244766,251.33039411848895,28.439013449073666,22.616605942943465,1950_2022
1971-08-01,8,31,48.42754556456895,256.72842410806305,7.7404164142693235,21.17008688143494,1950_2022
1971-09-01,9,30,30.389990760004515,221.79499011701472,3.429582654600333,21.599114579036666,1950_2022
1971-10-01,10,31,30.979190134109476,168.33138523420882,18.45257143456828,19.816330565353837,1950_2022
1971-11-01,11,30,15.891364365752459,125.76839539802369,12.238903924084513,11.310180065380962,1950_2022
1971-12-01,12,31,18.601166434864485,63.05260925920226,34.97043050121464,9.508070479734101,1950_2022
1972-01-01,1,31,30.6546583591447,54.18196125085747,147.31395907197796,7.855734076808574,1950_2022
1972-02-01,2,28.25,42.53454322349017,68.11221764264167,161.54742917782946,9.23944502943391,1950_2022
1972-03-01,3,31,62.53895074421408,96.23158339894155,103.64496776684207,9.922603998362774,1950_2022
1972-04-01,4,30,90.2319257960153,189.45339272725053,39.53711264130775,13.751966083037644,1950_2022
1972-05-01,5,31,88.27241148848034,240.4999517827191,14.8871118843657,15.05740846920861,1950_2022
1972-06-01,6,30,55.14554551063876,253.77058177500166,11.643473197031003,17.482767750695814,1950_2022
1972-07-01,7,31,52.61973249293755,265.7709838995153,15.69170673861491,21.87643653672069,1950_2022
1972-08-01,8,31,32.430038069246145,278.76751470243903,2.518438046494785,22.179848016556093,1950_2022
1972-09-01,9,30,49.11184089753642,156.77906285405265,66.25515808601732,18.349519653283096,1950_2022
1972-10-01,10,31,58.88892278108076,94.16864200165193,166.4664718770484,15.130845642672,1950_2022
1972-11-01,11,30,35.76601048570195,63.24796176081519,44.880721730249654,12.57407247182931,1950_2022
1972-12-01,12,31,29.677245013368402,49.60910782019926,118.20655699178438,9.607597175348928,1950_2022
1973-01-01,1,31,32.907290679488476,53.66622590153517,81.68426115674482,8.51183724498776,1950_2022
1973-02-01,2,28.25,46.754965032090524,88.44688609062796,14.227816230548273,9.020099787642039,1950_2022
1973-03-01,3,31,70.9347786635971,135.53061701730613,48.63276665376078,11.4560881337095,1950_2022
1973-04-01,4,30,71.0001851277987,201.53158187589705,21.4757139206841,14.755929546569575,1950_2022
1973-05-01,5,31,113.9753280656911,201.441594660705,123.8702737109115,16.09132656928483,1950_2022
1973-06-01,6,30,101.84856223422338,250.64289643072402,45.44561754822355,20.628004587843577,1950_2022
1973-07-01,7,31,81.91540672005256,269.20921956166444,48.806306720363594,21.411656530985454,1950_2022
1973-08-01,8,31,46.831612835918605,294.44586932183904,3.4019147491998503,24.3626713698946,1950_2022
1973-09-01,9,30,29.418242864569166,201.43176213086693,10.81903065187996,20.159359467715603,1950_2022
1973-10-01,10,31,33.63653266793876,137.9029996241889,35.238628785964416,16.766755309428106,1950_2022
1973-11-01,11,30,40.258958929996155,82.7460852900351,72.95757062900444,13.21471518243726,1950_2022
1973-12-01,12,31,25.855406110547847,56.69187328422648,59.92864735263266,7.844138733630132,1950_2022
1974-01-01,1,31,30.34158064682572,53.21925526545577,83.89295291350744,10.826074487681751,1950_2022
1974-02-01,2,28.25,47.66306898266323,86.44161832380036,57.37275215860435,9.479082121788053,1950_2022
1974-03-01,3,31,64.4403251434195,119.06146819561162,68.00614863450753,10.48691069971278,1950_2022
1974-04-01,4,30,82.26950482771427,132.8888705435068,90.89682971330937,11.618422938207459,1950_2022
1974-05-01,5,31,92.4493263333212,220.90200850846904,22.22312379075589,17.067267953468956,1950_2022
1974-06-01,6,30,79.30992283439218,237.0008646099388,40.81957882265382,20.39609772427508,1950_2022
1974-07-01,7,31,54.60128533066369,341.4121684667963,1.5560794953339736,25.741550929528955,1950_2022
1974-08-01,8,31,28.39438999703703,314.59393030203296,0.12042985343825585,23.576120590958112,1950_2022
1974-09-01,9,30,17.57622003236279,214.00905000466406,3.0631637456442555,19.364112181395285,1950_2022
1974-10-01,10,31,12.637417817276367,162.79582581814873,4.727129803257502,14.600358692259022,1950_2022
1974-11-01,11,30,21.200876630925794,87.57070629982503,77.72101644543265,12.73060960473805,1950_2022
1974-12-01,12,31,25.39724360471522,60.26763837286143,10.027990019487786,10.231813149787456,1950_2022
1975-01-01,1,31,28.241669161759486,59.09863824773082,61.648271648969306,9.647214597875177,1950_2022
1975-02-01,2,28.25,38.91256539764271,69.02085459948545,94.393148698006,10.61156063888086,1950_2022
1975-03-01,3,31,67.36111111810256,113.49152642293018,141.27160948026298,9.803751730783915,1950_2022
1975-04-01,4,30,82.1438796245021,171.5191118701694,36.056133006225586,13.056245492332096,1950_2022
1975-05-01,5,31,84.42384643948623,209.21200725716207,59.86554187386802,15.007161982102105,1950_2022
1975-06-01,6,30,85.15888450159429,233.97299901069138,29.704871917654657,18.89643333986544,1950_2022
1975-07-01,7,31,41.68492068706536,297.9184873406097,0.32552265942328157,22.56925829163157,1950_2022
1975-08-01,8,31,26.554103931942624,302.52572312788953,0.48328635633498873,23.60800778469877,1950_2022
1975-09-01,9,30,24.76272062788273,197.1727863429144,18.08633901284093,19.04040885099755,1950_2022
1975-10-01,10,31,28.856370523751604,139.14076446256266,29.006962757955534,16.926191278131455,1950_2022
1975-11-01,11,30,26.576896356623237,86.67232859455372,34.8347366430389,12.269694713395609,1950_2022
1975-12-01,12,31,26.397565075783127,59.78628538016069,61.19075692792562,7.757173659791931,1950_2022
1976-01-01,1,31,26.118849551401613,67.48793326337466,38.03104622130005,8.149482770661962,1950_2022
1976-02-01,2,28.25,41.7621329666812,77.19858721107934,63.78482860775896,10.182532941279135,1950_2022
1976-03-01,3,31,68.80432301147533,133.88026389947458,55.60592205725435,11.618422938207459,1950_2022
1976-04-01,4,30,71.76871578274375,144.7008737054062,84.10281244308325,11.89961001028422,1950_2022
1976-05-01,5,31,71.98091638524828,224.44339124048278,11.258546855398478,16.830529696909423,1950_2022
1976-06-01,6,30,52.58500828046122,290.87025367786896,24.712414283128943,23.509447367682185,1950_2022
1976-07-01,7,31,31.296085867310378,298.6748991862826,8.576564007900963,23.278506782711872,1950_2022
1976-08-01,8,31,29.757423451889114,270.34383733017364,21.59206900310949,22.950938337921343,1950_2022
1976-09-01,9,30,24.13459461182186,183.2978417837255,33.30799118905547,18.79690664425067,1950_2022
1976-10-01,10,31,47.58376294966051,112.32252629779936,79.04960741832079,14.62451565721409,1950_2022
1976-11-01,11,30,32.78056447995382,65.81000188325532,49.99531900109407,10.341002631384299,1950_2022
1976-12-01,12,31,28.138582597947142,46.44593101102194,123.28654803233853,10.995173242367116,1950_2022
1977-01-01,1,31,32.640029217752776,52.531608133025905,133.88826846479927,9.500340250948511,1950_2022
1977-02-01,2,28.25,36.10127040889655,55.17197408483211,129.94710622885665,10.601897852898844,1950_2022
1977-03-01,3,31,72.34362836903244,130.5451753071899,22.680638511799582,12.10832618749589,1950_2022
1977-04-01,4,30,69.59983359787475,176.4768258733329,11.765612833349662,13.30651164926644,1950_2022
1977-05-01,5,31,56.682106711320245,205.429948028798,30.22174322417501,14.70278422366846,1950_2022
1977-06-01,6,30,72.10864280320023,218.26802579261658,29.8422790085132,17.044077267112073,1950_2022
1977-07-01,7,31,49.17969567831086,280.8304560997285,17.427107404642722,20.532343006621602,1950_2022
1977-08-01,8,31,27.279527899510953,274.02274948867324,3.5912311854937697,20.48596163390789,1950_2022
1977-09-01,9,30,27.64471058392672,208.2527780412596,11.01750756089783,22.466832760222132,1950_2022
1977-10-01,10,31,48.175556186361,119.40529176182658,96.78224695118668,16.54354495324344,1950_2022
1977-11-01,11,30,32.66971871241367,65.14453691638771,46.789153547728944,11.225147548739187,1950_2022
1977-12-01,12,31,30.162133665374615,51.22507858140927,176.34247930371572,11.42130210417423,1950_2022
1978-01-01,1,31,29.15417615254282,51.32822565127373,46.59761496360093,7.078846083854103,1950_2022
1978-02-01,2,28.25,42.889434422564555,69.17751614376876,178.8427833669169,9.989277221638758,1950_2022
1978-03-01,3,31,63.207104398553334,107.6465257972767,61.44317884298418,8.865495211929726,1950_2022
1978-04-01,4,30,66.71045392399476,120.74413489817354,90.13345698631771,9.915840048175369,1950_2022
1978-05-01,5,31,107.42742225316638,195.5965940350515,60.84367679472005,13.86115556463443,1950_2022
1978-06-01,6,30,76.22102077893992,202.76269206460205,20.28485246657708,16.909764541961977,1950_2022
1978-07-01,7,31,59.82051987627378,310.1929886544822,0.5937209441730547,21.90639117326492,1950_2022
1978-08-01,8,31,43.70847175449282,281.8275444417518,3.0232818766120113,22.72579542454031,1950_2022
1978-09-01,9,30,41.315688580545626,224.75630921957543,18.68176973989454,24.43320970756338,1950_2022
1978-10-01,10,31,46.41926658066924,151.00267749697719,52.90816284006567,16.8575854976591,1950_2022
1978-11-01,11,30,29.946607689843898,73.26320951217207,40.98752082259202,11.774960071116197,1950_2022
1978-12-01,12,31,32.86911047066909,53.21925526545577,212.91210424782878,11.07440808741967,1950_2022
1979-01-01,1,31,33.361635164439164,53.597461188292264,126.99399490976154,10.007636515004606,1950_2022
1979-02-01,2,28.25,44.29508191693764,73.15671936856741,188.33150636342376,10.577740887943776,1950_2022
1979-03-01,3,31,64.45559722694728,105.03346669404323,93.12212918283714,9.767999422650462,1950_2022
1979-04-01,4,30,99.9198458790247,175.37880867800135,94.72896080280773,12.749935176702081,1950_2022
1979-05-01,5,31,81.99176713769133,235.54889242922442,7.929732850563351,16.71940765811621,1950_2022
1979-06-01,6,30,68.41747874411313,278.0933263140115,21.750528102401184,21.255119398076715,1950_2022
1979-07-01,7,31,79.97203409114579,281.58686794540125,20.440394015654654,23.482391566932506,1950_2022
1979-08-01,8,31,41.131307659184245,307.6143119078703,0.2624171806586417,23.208934723641335,1950_2022
1979-09-01,9,30,45.80494216592184,209.2177022432176,27.903312281954243,20.613510408870525,1950_2022
1979-10-01,10,31,56.95318619393788,102.55793701729598,218.13408261560335,14.945320151817157,1950_2022
1979-11-01,11,30,42.309605629489,76.7236273398835,12.254171378624397,12.01846227786308,1950_2022
1979-12-01,12,31,24.717635887730147,48.23381355533953,24.463368286900923,10.355496810357351,1950_2022
1980-01-01,1,31,32.48730838247523,62.81193276285178,41.312531117061695,9.365061247200174,1950_2022
1980-02-01,2,28.25,40.617434883392235,69.61616846776236,42.67960836704372,10.276261965304741,1950_2022
1980-03-01,3,31,64.3792368093085,116.55155616224283,59.21871071653035,11.529525307172833,1950_2022
1980-04-01,4,30,94.52535185873724,185.52714942273192,52.52971645470653,14.91923062966572,1950_2022
1980-05-01,5,31,95.81300273030911,202.36991828948524,65.7027986595979,15.56567101186289,1950_2022
1980-06-01,6,30,63.04515387733369,268.8100900262088,11.368659015314023,19.896531689004632,1950_2022
1980-07-01,7,31,46.41926658066924,321.0921957034949,5.310855481830474,22.803097712396436,1950_2022
1980-08-01,8,31,37.00020906492668,278.52683820608866,8.576564007900963,23.579019426752723,1950_2022
1980-09-01,9,30,24.777500063554747,236.10248690466756,5.750235744655143,22.944174387733938,1950_2022
1980-10-01,10,31,40.99004088655253,142.71652955119782,44.0418430736327,16.908798263363792,1950_2022
1980-11-01,11,30,38.14549962889724,73.82885473400957,88.57617662325463,11.8831832741148,1950_2022
1980-12-01,12,31,25.034531620931045,75.70531649591113,5.137315415227661,8.164943228233199,1950_2022
1981-01-01,1,31,19.69693842798086,91.52120054179711,3.1337164644500772,9.465554221413242,1950_2022
1981-02-01,2,28.25,20.600875390500352,105.27233594666595,32.126998246686135,9.83563892452463,1950_2022
1981-03-01,3,31,46.91179127443932,125.55973359707366,52.150897094889885,12.91710137419102,1950_2022
1981-04-01,4,30,77.37012190243951,138.5785960102246,103.26346789057493,12.229111012271176,1950_2022
1981-05-01,5,31,83.40061684312667,200.37574160543875,45.41438723676377,14.801344640685045,1950_2022
1981-06-01,6,30,51.32136653050347,277.32804160211373,9.689239015932271,22.832086070342484,1950_2022
1981-07-01,7,31,36.7062214570174,354.271169843234,7.7404164142693235,24.61970147701635,1950_2022
1981-08-01,8,31,20.99124750695806,276.77333801839256,1.7296195619366794,23.623468242270008,1950_2022
1981-09-01,9,30,27.0572280159639,211.21409714382023,29.53692991771645,21.32372517854907,1950_2022
1981-10-01,10,31,41.39093307915608,151.03705985359863,34.165835646965434,17.27695040927881,1950_2022
1981-11-01,11,30,13.086966446986574,115.9195138883836,3.979211018034397,16.801541338963375,1950_2022
1981-12-01,12,31,25.16816235179891,63.809021104875036,222.80388804418726,11.622288052600254,1950_2022
1982-01-01,1,31,34.6101279928331,56.51996150111891,68.02192500419868,10.057883002111112,1950_2022
1982-02-01,2,28.25,42.9277070028569,73.06272244199738,56.69704006642884,10.457922341766732,1950_2022
1982-03-01,3,31,70.20553667514682,155.78182506736454,33.976519210671455,12.544117835285022,1950_2022
1982-04-01,4,30,97.71401510497566,170.58746091655487,66.743716631292,14.49503432505503,1950_2022
1982-05-01,5,31,66.49060235702055,251.1584823353815,9.507369819679456,17.18418766385139,1950_2022
1982-06-01,6,30,41.230706825431504,266.1149569103952,5.383816835699065,20.38836749548949,1950_2022
1982-07-01,7,31,40.75332359187234,266.4242486753236,19.194060810052854,20.754587084208026,1950_2022
1982-08-01,8,31,31.651161809330667,294.89283995791845,9.396935231841388,23.687242629751324,1950_2022
1982-09-01,9,30,34.31393093092594,204.69254046851802,45.75096663902019,21.362376322477132,1950_2022
1982-10-01,10,31,33.41508745678632,134.2240874656895,14.429597163322006,15.44971758007864,1950_2022
1982-11-01,11,30,29.355430262963075,73.42957575388887,80.86611208063846,12.173066853575449,1950_2022
1982-12-01,12,31,24.263291402779444,48.44010769506844,41.78582220779655,8.871292883518947,1950_2022
1983-01-01,1,31,26.325022679026308,64.97802123000587,3.181045573523611,9.125424154846087,1950_2022
1983-02-01,2,28.25,29.685394221708542,76.38394718080562,44.28981590584489,8.588173254245703,1950_2022
1983-03-01,3,31,49.63404016326155,159.80456079207897,13.467238612161088,13.705584710323933,1950_2022
1983-04-01,4,30,51.77952903633611,170.38782142649455,127.58452297253052,12.78472120623735,1950_2022
1983-05-01,5,31,88.47094857434115,193.8430938473554,39.21427394813721,14.054411284274863,1950_2022
1983-06-01,6,30,58.393326499565255,273.10233906250465,13.826719196227272,21.81652726363211,1950_2022
1983-07-01,7,31,25.16434433091697,246.68877597458766,5.342408221212795,20.74009290523503,1950_2022
1983-08-01,8,31,34.28941423875025,241.08445184528452,24.558026505047884,21.787538905686063,1950_2022
1983-09-01,9,30,16.90745056820386,236.33539964307116,5.582293744716936,23.26981027532804,1950_2022
1983-10-01,10,31,18.593530393100608,157.84476646465393,45.57215093367543,18.45870913487994,1950_2022
1983-11-01,11,30,35.35218628688538,54.330731204789636,161.50880696004174,14.793614411899455,1950_2022
1983-12-01,12,31,35.01102018543665,61.05843257515576,95.8672175090993,10.764232657396803,1950_2022
1984-01-01,1,31,31.109002844095386,55.179049592880716,43.47389376475088,9.10223346848926,1950_2022
1984-02-01,2,28.25,44.848294668435955,89.82550768032208,16.873157187150163,8.999807937079822,1950_2022
1984-03-01,3,31,64.6655883754539,132.84879320082976,99.52733527744884,10.165139926511529,1950_2022
1984-04-01,4,30,93.19520264825542,157.44452782092026,65.01849426829074,15.474840823631894,1950_2022
1984-05-01,5,31,95.96190554470472,179.19620992660012,82.1102231384062,13.0523803779393,1950_2022
1984-06-01,6,30,90.93394899043628,209.25097549156092,32.407211371205264,19.702309690766015,1950_2022
1984-07-01,7,31,48.21755441606233,296.61195778899304,2.471108937421359,22.86687209987781,1950_2022
1984-08-01,8,31,32.50258046600298,292.21101614144214,5.689488354418313,23.5732217551635,1950_2022
1984-09-01,9,30,19.96309889339408,224.58994297785856,7.3991208349571265,21.229029875925278,1950_2022
1984-10-01,10,31,37.81726553366154,135.1867934510912,43.505446504133204,16.815069239338186,1950_2022
1984-11-01,11,30,35.381745158229414,61.95030507542339,138.10379915047616,12.458119040045062,1950_2022
1984-12-01,12,31,30.73101877678346,56.76063799746938,63.33634320592359,10.592235066916828,1950_2022
1985-01-01,1,31,30.372124813881232,50.88125501519434,172.14596496586663,7.5397609751964865,1950_2022
1985-02-01,2,28.25,41.58816669262513,63.28704207871273,187.23886553352295,11.847430965981346,1950_2022
1985-03-01,3,31,74.7031652740705,141.16932350323071,15.26574475695354,10.697559434120876,1950_2022
1985-04-01,4,30,90.97089757961632,154.84921445013666,116.10339715857535,13.895941594169699,1950_2022
1985-05-01,5,31,99.56611725725477,185.41941647509,52.103567985816404,14.528854075992058,1950_2022
1985-06-01,6,30,88.14063564842441,246.4837403878017,15.567209013768354,20.232796641178936,1950_2022
1985-07-01,7,31,55.39925169498886,294.3427222519746,5.263526372756941,23.204103330650298,1950_2022
1985-08-01,8,31,35.78607842447019,311.60266527596326,0.12042985343825585,22.9721964670818,1950_2022
1985-09-01,9,30,31.095708813343492,230.4460346862931,8.544179925444698,24.181010993432608,1950_2022
1985-10-01,10,31,15.443663165501244,172.66356216851676,1.6191849740986135,19.438515633456802,1950_2022
1985-11-01,11,30,35.588657257637706,74.1948604657866,94.7136933482679,12.748002619505655,1950_2022
1985-12-01,12,31,31.647343788448726,61.642932637721174,70.356827718490635,10.499472321489407,1950_2022
1986-01-01,1,31,32.15895858662851,59.06425589110926,47.575749884452954,8.94183122118767,1950_2022
1986-02-01,2,28.25,34.81391998088161,55.89261718853581,150.47725234857145,9.553485573849628,1950_2022
1986-03-01,3,31,69.98409146399437,123.1529686335693,39.261603057210685,10.854096567029615,1950_2022
1986-04-01,4,30,78.99216496744376,146.66399535766553,64.65207535933472,10.429900262418869,1950_2022
1986-05-01,5,31,85.65324916347045,242.5285108233872,14.524255381468967,18.002625636528535,1950_2022
1986-06-01,6,30,50.859509165752826,296.49343264789997,2.3608608368119732,21.030942763293865,1950_2022
1986-07-01,7,31,41.30693661975343,333.33231466074585,0.37285176849681523,24.797496739085545,1950_2022
1986-08-01,8,31,27.966771658259905,271.37530802881844,5.7210410938006335,21.6725517525,1950_2022
1986-09-01,9,30,60.90952542272674,179.17195898914653,125.11119533707743,20.928517231884427,1950_2022
1986-10-01,10,31,60.78647915940425,111.42858502564057,69.6942201914618,17.283714359466217,1950_2022
1986-11-01,11,30,35.62560584681776,70.33516365795467,65.4459829954061,12.419467896116942,1950_2022
1986-12-01,12,31,27.684238112996454,54.353873033965044,26.798271001192816,9.955457470701674,1950_2022
1987-01-01,1,31,32.60566702981532,59.61437359705311,137.9743482148102,9.027830016427686,1950_2022
1987-02-01,2,28.25,41.226316842588496,66.38894065552417,85.82454429509986,9.981546992853112,1950_2022
1987-03-01,3,31,73.0423261904272,131.81732250218496,19.888221076464,13.190558217482192,1950_2022
1987-04-01,4,30,92.27518277767214,159.24128323146266,104.454329344682,14.381013450467151,1950_2022
1987-05-01,5,31,82.33920703794773,239.3309516575885,8.166378395930698,17.542677023784336,1950_2022
1987-06-01,6,30,56.220749455778254,275.63110593660144,13.918323923466266,21.2889391490138,1950_2022
1987-07-01,7,31,60.3168625909258,297.98725205385273,19.840891967390466,24.363637648492784,1950_2022
1987-08-01,8,31,36.06479394885171,275.2948966836684,52.182449834272205,23.930744836498263,1950_2022
1987-09-01,9,30,61.72608924360586,214.97397420662202,16.727535558795708,23.842813484061878,1950_2022
1987-10-01,10,31,42.57451955255706,110.46587904023887,84.88686420405067,15.047745683226594,1950_2022
1987-11-01,11,30,38.049433297029104,74.29468021081672,51.0029710007231,12.329603986484187,1950_2022
1987-12-01,12,31,31.364810243185275,49.127754827498315,193.38095857017046,12.206886604512476,1950_2022
1988-01-01,1,31,31.139547011150896,51.53451979100265,93.18523466160178,9.966086535281875,1950_2022
1988-02-01,2,28.25,47.07158365087258,86.50428294151365,28.662176667658645,9.826942417140799,1950_2022
1988-03-01,3,31,70.83551012066668,153.1343836075097,11.668732467368638,12.389513259572709,1950_2022
1988-04-01,4,30,70.50137917386802,157.41125457257692,47.99528245637578,13.430195309836336,1950_2022
1988-05-01,5,31,89.79580182037385,177.92406273160495,77.50352318858691,15.14920493603779,1950_2022
1988-06-01,6,30,91.33668861249883,189.08738699547337,124.57683442818322,18.381406847023754,1950_2022
1988-07-01,7,31,103.49104272388766,268.10898414977675,35.83813083422855,21.76241566213281,1950_2022
1988-08-01,8,31,44.850059998192464,300.01581109452064,0.10465348374704211,22.986690646054853,1950_2022
1988-09-01,9,30,31.247198028981703,262.1221671091897,4.07081574527339,23.618636849279028,1950_2022
1988-10-01,10,31,40.32570525309521,151.48403048967802,61.995351782174886,17.811302474084528,1950_2022
1988-11-01,11,30,41.60019271723201,67.3405713070506,144.1191762391708,13.884346250991314,1950_2022
1988-12-01,12,31,30.07050116420808,61.67731499434273,2.187134282980372,9.132188105033492,1950_2022
1989-01-01,1,31,31.162455136442535,61.29910907150624,38.07837533037353,9.076143946337766,1950_2022
1989-02-01,2,28.25,47.412557548022484,96.40529254022506,55.7912983258532,10.942027919466,1950_2022
1989-03-01,3,31,67.71618706012285,156.29756041668682,32.22534217495249,13.337432564408914,1950_2022
1989-04-01,4,30,75.02019163058826,151.55516286414223,78.39278444518533,11.93439603981949,1950_2022
1989-05-01,5,31,83.16771756932842,216.5698315741612,100.28460102262457,18.14756742625883,1950_2022
1989-06-01,6,30,92.56707663219454,272.3037811022636,8.360970470966713,21.612642479411477,1950_2022
1989-07-01,7,31,42.78069268018174,327.72799053144274,2.565767155568319,26.21695999984439,1950_2022
1989-08-01,8,31,25.458331938826234,260.78554218939905,5.594830136271354,23.42441485104041,1950_2022
1989-09-01,9,30,42.775157853157644,207.3544003359883,32.453013734824765,21.193277567791768,1950_2022
1989-10-01,10,31,53.47878719137374,140.34414694431482,91.24474118958884,18.938949598186355,1950_2022
1989-11-01,11,30,35.525844656031616,64.44579870117664,198.8988031280952,13.311343042257477,1950_2022
1989-12-01,12,31,33.667076834994255,48.990225401012296,276.3646631456816,12.537353885097616,1950_2022
1990-01-01,1,31,33.64035068882069,55.385343732609854,57.309769983899784,8.825877789403421,1950_2022
1990-02-01,2,28.25,44.2881232659754,77.88789800592632,4.092134847915932,12.301581907136324,1950_2022
1990-03-01,3,31,82.41556745558651,160.2859137847798,58.00393025031093,13.553878970406174,1950_2022
1990-04-01,4,30,93.82702352323427,177.74120931038127,116.6988278856289,12.875551394468346,1950_2022
1990-05-01,5,31,102.93742969600657,231.52615670450996,14.91866462374802,18.25289179346288,1950_2022
1990-06-01,6,30,57.89082568671656,263.4198237945815,7.338051016797797,20.408659346051707,1950_2022
1990-07-01,7,31,51.821766128612374,331.6819615429143,3.2283746825971447,25.473891757827005,1950_2022
1990-08-01,8,31,47.988473163146004,291.6952807921198,16.164997829349815,24.808125803665746,1950_2022
1990-09-01,9,30,35.1600536231491,200.66647741896918,22.254354102215697,21.65709129492882,1950_2022
1990-10-01,10,31,48.44281764809671,118.37382106318196,146.44625873896405,16.355120626593987,1950_2022
1990-11-01,11,30,40.80949290877892,69.47005920102681,61.38484008781026,11.725679862607876,1950_2022
1990-12-01,12,31,29.287806883410664,53.70060825815673,51.50406593755228,9.265534551585404,1950_2022
1991-01-01,1,31,32.823294220085835,59.33931474408129,44.13650129177971,8.46062447928307,1950_2022
1991-02-01,2,28.25,41.55685276329503,69.14618383491201,83.07856536732285,8.373659405444869,1950_2022
1991-03-01,3,31,70.70187938979883,116.138967882785,101.56248696760869,11.826172836820888,1950_2022
1991-04-01,4,30,83.22277842855961,156.31323737724534,39.30810082321027,13.17413148131277,1950_2022
1991-05-01,5,31,77.85685052255181,295.8555459433203,2.313345240509759,18.984364692301824,1950_2022
1991-06-01,6,30,67.05038094445123,298.12382181672547,20.88028319363059,21.439678610333317,1950_2022
1991-07-01,7,31,43.089952371618764,329.5158730757603,2.9444000281561578,24.809092082263987,1950_2022
1991-08-01,8,31,33.80452558674405,305.0356351612584,5.326631851521581,25.657484691485365,1950_2022
1991-09-01,9,30,28.738388823656226,218.46766528267685,21.39937664798499,22.462001367231096,1950_2022
1991-10-01,10,31,46.88506512826575,131.54226364921314,69.4575746460944,15.165631672207269,1950_2022
1991-11-01,11,30,33.504756827882815,83.94392223039657,33.384328461754635,12.093832008522838,1950_2022
1991-12-01,12,31,31.097548781449575,58.20469697557203,56.82070252347377,10.373856103723142,1950_2022
1992-01-01,1,31,30.87610357029713,70.37605121957995,24.983988486709258,7.670208585953787,1950_2022
1992-02-01,2,28.25,36.567500023366826,84.59301210125608,33.147754811461894,10.053051609120075,1950_2022
1992-03-01,3,31,44.99514479170613,182.84073972847818,28.675658994441118,13.707517267520302,1950_2022
1992-04-01,4,30,83.22277842855961,200.93266340571623,85.37001116988948,14.807142312274266,1950_2022
1992-05-01,5,31,55.03272169032275,262.3671305939877,42.24333692884025,19.132205317826788,1950_2022
1992-06-01,6,30,72.70720994791705,206.25638314065685,41.07912554983101,17.702112992487685,1950_2022
1992-07-01,7,31,34.6101279928331,329.3095789360313,1.7138431922455732,24.75498048076463,1950_2022
1992-08-01,8,31,29.406165530750762,289.59795703820885,18.15282041043619,24.16071914287039,1950_2022
1992-09-01,9,30,26.613844945803287,221.26261814352065,22.559703193012343,20.21153851201848,1950_2022
1992-10-01,10,31,41.03585713713579,115.41693839373357,70.29372223972598,14.320137898780445,1950_2022
1992-11-01,11,30,28.852929450114388,72.5644712969612,12.238903924084513,13.418599966657894,1950_2022
1992-12-01,12,31,30.127771477437165,64.01531524460417,72.67595406309141,10.73621057804894,1950_2022
1993-01-01,1,31,25.511784231173383,56.17613793490396,24.76311931103302,8.718620865003004,1950_2022
1993-02-01,2,28.25,44.862211970360434,109.43953302460466,30.775574062335167,10.201858513243224,1950_2022
1993-03-01,3,31,56.185763996668214,144.74508859186585,39.95576332362178,12.226212176476565,1950_2022
1993-04-01,4,30,55.31181416194899,178.04066854547162,75.17135153728037,12.973145532886747,1950_2022
1993-05-01,5,31,91.0672027740594,158.11982531762584,116.77090734988867,14.401305301029424,1950_2022
1993-06-01,6,30,76.24688479136596,239.03053275888487,16.376384104379618,20.10428158761806,1950_2022
1993-07-01,7,31,32.12459639869107,345.5380512613752,0.13620622312936204,24.502781766633916,1950_2022
1993-08-01,8,31,30.414123043582556,270.27507261693074,14.934440993439125,22.9180848655825,1950_2022
1993-09-01,9,30,31.32479006625981,172.11803034035026,30.712523917283686,17.924357070074166,1950_2022
1993-10-01,10,31,55.7695997205369,111.3254379557761,181.37514123519637,14.090163592408317,1950_2022
1993-11-01,11,30,37.646693674966556,64.77853118461044,68.14832244895672,11.441593954736447,1950_2022
1993-12-01,12,31,22.159561896831274,46.033342731564105,5.626382875653674,9.979614435656742,1950_2022
1994-01-01,1,31,35.209557271297456,65.94072721540755,65.51348222330392,8.8964161270722,1950_2022
1994-02-01,2,28.25,40.57220365213766,67.39157453893796,84.81816458334909,9.235579915041114,1950_2022
1994-03-01,3,31,74.65734902348724,154.78473672534128,11.526745140148252,14.226408874754839,1950_2022
1994-04-01,4,30,66.69197962940473,199.60173347198108,29.41479028139779,13.707517267520302,1950_2022
1994-05-01,5,31,79.90712773615284,205.12050681920462,92.08088878322042,16.071034718722615,1950_2022
1994-06-01,6,30,61.76673269170393,304.0797332701903,0.9867899282268653,22.307396791518784,1950_2022
1994-07-01,7,31,30.043775018034516,313.3561654636594,2.344897979892079,22.882332557449047,1950_2022
1994-08-01,8,31,19.372406653016085,274.985455474075,1.7138431922455732,22.884265114645416,1950_2022
1994-09-01,9,30,14.420810516386412,221.19607164683387,10.254134833906116,19.571862080008714,1950_2022
1994-10-01,10,31,47.84720639051428,109.15934948862224,71.58738455440127,17.01122379477323,1950_2022
1994-11-01,11,30,33.66733062027504,65.07799041970082,48.34643391079198,13.924929952115804,1950_2022
1994-12-01,12,31,25.27506693649318,52.08463749694651,47.10245879371811,10.864725631609815,1950_2022
1995-01-01,1,31,30.005594809215133,63.36205046879586,42.14867871069329,9.812448238167747,1950_2022
1995-02-01,2,28.25,41.671670504172035,84.65567671896956,56.66828636037882,11.41840326837962,1950_2022
1995-03-01,3,31,56.693560773966055,170.22241484839088,15.565495781085634,13.446622046005757,1950_2022
1995-04-01,4,30,45.75321414106977,225.68796017319,37.414936460270866,16.403434556504124,1950_2022
1995-05-01,5,31,52.48991978295164,247.85777609971836,18.910086155611975,18.97760074211442,1950_2022
1995-06-01,6,30,47.34200347581196,259.1275747582856,36.987447733155506,20.96137070422327,1950_2022
1995-07-01,7,31,24.85508463947994,307.3736354115199,6.304766772373606,24.15782030707578,1950_2022
1995-08-01,8,31,11.205659986549387,298.7436638995255,1.2563284712018805,24.826485097031593,1950_2022
1995-09-01,9,30,19.62317187293761,219.39931623629147,15.307662286591155,19.61920973132061,1950_2022
1995-10-01,10,31,20.479632708778276,166.30282619354088,43.39501191629509,19.747724784881484,1950_2022
1995-11-01,11,30,37.676252546310586,69.2038732142799,154.0124867809832,14.821636491247318,1950_2022
1995-12-01,12,31,32.38422181866288,54.9727554531518,185.19302270045748,11.716983355224045,1950_2022
1996-01-01,1,31,35.02629226896442,49.47157839371325,253.80445448732024,10.439563048400885,1950_2022
1996-02-01,2,28.25,45.87817501084791,79.83050115504062,63.68419063658389,8.297323396186925,1950_2022
1996-03-01,3,31,76.54345133916492,123.39364512991958,76.85669203124928,11.791386807285619,1950_2022
1996-04-01,4,30,93.56099368113792,168.0586940424581,31.552233916974558,14.599392413660837,1950_2022
1996-05-01,5,31,116.17832611456969,202.19800650637777,100.47391745891854,16.093259126481257,1950_2022
1996-06-01,6,30,79.69049330294672,319.7514332399216,1.719627746138916,23.371269528139294,1950_2022
1996-07-01,7,31,50.94362132576649,331.5100497598068,1.0827884045990672,24.18390982922722,1950_2022
1996-08-01,8,31,31.74661233137914,272.888131720164,1.3036575802753068,21.64936106614317,1950_2022
1996-09-01,9,30,45.387423108187264,189.5199392239373,33.99502664334803,19.346719166627622,1950_2022
1996-10-01,10,31,38.225793768028964,151.7247069860285,42.22756055914908,17.136840012539494,1950_2022
1996-11-01,11,30,30.56734398806876,78.48710950208248,69.82774244833847,12.65717243127466,1950_2022
1996-12-01,12,31,30.68138450531826,49.91854902979264,227.363258884933,10.378687496714178,1950_2022
1997-01-01,1,31,37.41637334105798,60.233256016240084,116.53426180452128,9.625956468714776,1950_2022
1997-02-01,2,28.25,44.66736974341764,76.69727026937245,5.4866895913419205,11.925699532435715,1950_2022
1997-03-01,3,31,74.50081016732776,203.7452125543449,1.2721048408929867,17.04890866010311,1950_2022
1997-04-01,4,30,81.45663586575317,194.4776532271008,51.2167153642808,17.367780597509807,1950_2022
1997-05-01,5,31,77.22305905614999,201.68227115705548,77.47197044920458,16.228538130229538,1950_2022
1997-06-01,6,30,84.96305697894002,232.04315060677538,36.239342460703625,17.97460355718067,1950_2022
1997-07-01,7,31,60.93156395291791,295.06475174102593,16.732947138231577,23.293000961684925,1950_2022
1997-08-01,8,31,48.0762876434306,255.38751219982498,21.323870718359718,22.429147894892253,1950_2022
1997-09-01,9,30,40.19614632839008,204.12689524668065,36.42255191518161,22.32285724909002,1950_2022
1997-10-01,10,31,60.40085905032845,133.2613814802876,87.5846234212393,18.393002190202196,1950_2022
1997-11-01,11,30,41.75907165070625,66.17600761503236,239.78504638577073,13.602192900316311,1950_2022
1997-12-01,12,31,30.16595168625655,49.23090189736277,169.54286396682497,11.138182474900987,1950_2022
1998-01-01,1,31,32.827112240967764,53.15049055221287,65.67124592021558,10.167072483707898,1950_2022
1998-02-01,2,28.25,53.75188857462583,89.44951997404175,51.43511185927503,12.683261953426097,1950_2022
1998-03-01,3,31,76.13874112567942,167.9875616679939,36.70583116724246,14.57040405571479,1950_2022
1998-04-01,4,30,82.33601228823838,155.2817666786006,60.62146736081854,12.355693508635625,1950_2022
1998-05-01,5,31,102.90688552895105,179.0586805001141,132.59460615012398,16.13191027040932,1950_2022
1998-06-01,6,30,103.19349088037724,285.3468944528681,5.33801447207962,20.752654527011657,1950_2022
1998-07-01,7,31,59.53416831012838,324.9430196451019,0.7830373804669742,24.066990118844785,1950_2022
1998-08-01,8,31,43.89937279858975,305.6545175804453,0.9250247076874676,25.74348348672538,1950_2022
1998-09-01,9,30,44.083137910131455,189.9192182040579,81.66001971670978,20.712070825887167,1950_2022
1998-10-01,10,31,54.4142023074487,134.36161689217533,13.009723891117396,16.42469268566458,1950_2022
1998-11-01,11,30,29.518004055355313,87.13815407136109,22.34595882945469,13.218580296830055,1950_2022
1998-12-01,12,31,14.974046597022795,63.53396225190322,43.12681363154531,8.958257957357148,1950_2022
1999-01-01,1,31,34.36577465638902,65.08116829987031,56.22120047520964,8.72635109378865,1950_2022
1999-02-01,2,28.25,38.41502185384234,92.30076007999983,10.849255769670792,9.090638125310818,1950_2022
1999-03-01,3,31,63.104017834740986,132.78002848758686,63.87273977542313,12.343131886858998,1950_2022
1999-04-01,4,30,62.893664661695475,205.85710416053627,61.232165542411884,15.298011840160939,1950_2022
1999-05-01,5,31,89.35291139806897,208.62750719459666,45.808796479042826,17.19288417123522,1950_2022
1999-06-01,6,30,42.01771177496659,300.0869434689849,1.2921390190235096,21.737292418579557,1950_2022
1999-07-01,7,31,31.586255454337717,314.35325380568264,2.7235308524799184,24.095978476790833,1950_2022
1999-08-01,8,31,33.18600620387,269.5186607712578,15.218415647880114,22.491956003775385,1950_2022
1999-09-01,9,30,40.27743322458619,181.50108637318306,64.92688954105175,19.730331770113878,1950_2022
1999-10-01,10,31,51.012345701641394,128.4822339099003,147.47172276888955,16.582196097171504,1950_2022
1999-11-01,11,30,40.776239178516875,89.33418846202397,42.16311482215921,11.067644137232264,1950_2022
1999-12-01,12,31,28.104220410009702,52.70351991613348,31.830932932673434,10.280127079697536,1950_2022
2000-01-01,1,31,31.078458677039873,60.8865207920484,11.87382527335377,7.626726049034687,1950_2022
2000-02-01,2,28.25,39.326605129896166,83.08906127613538,22.94018916370451,11.939227432810526,1950_2022
2000-03-01,3,31,54.60128533066369,165.13382606841017,29.022739127646638,13.863088121830856,1950_2022
2000-04-01,4,30,78.27536233735077,139.0444214870318,163.84472750463632,11.9372948756141,1950_2022
2000-05-01,5,31,108.78663768713652,179.98700412889445,101.57826333729986,16.69718325035757,1950_2022
2000-06-01,6,30,74.07430774757896,299.5212982471474,3.0631637456442555,22.24458868263565,1950_2022
2000-07-01,7,31,46.369632309204036,306.96104713206194,3.9856404277728226,23.14516033615996,1950_2022
2000-08-01,8,31,29.257262716355154,308.37072375354313,1.3036575802753068,23.5732217551635,1950_2022
2000-09-01,9,30,22.737937940815918,228.25000029563014,15.765685922786226,21.40006118780701,1950_2022
2000-10-01,10,31,37.313286777245644,143.95429438957152,41.02855646262083,16.214043951256485,1950_2022
2000-11-01,11,30,32.521924355693464,66.74165283686986,101.20236152769738,11.832936787008293,1950_2022
2000-12-01,12,31,31.635889725802922,50.29675495262914,218.9544538395438,11.254135906685235,1950_2022
2001-01-01,1,31,35.354642064811124,57.310755703413236,140.62477832292532,10.236644542778492,1950_2022
2001-02-01,2,28.25,49.56626002083668,85.31365520495979,77.1840556270686,10.886950039368458,1950_2022
2001-03-01,3,31,68.13998737801803,107.8528199370056,166.2613790710633,13.108424536635027,1950_2022
2001-04-01,4,30,89.82179645611674,194.4776532271008,13.368695560032304,14.472809917296388,1950_2022
2001-05-01,5,31,100.45571612274648,204.63915382650367,54.88020905146088,16.79670994597234,1950_2022
2001-06-01,6,30,72.4559595414927,312.7640510878121,8.803726652621899,22.242656125439225,1950_2022
2001-07-01,7,31,46.014556367183744,305.0700175178799,5.089986306154235,22.175982902163298,1950_2022
2001-08-01,8,31,37.69508886543951,279.76460304446226,3.6701130339496233,23.18284520148984,1950_2022
2001-09-01,9,30,36.73036866330128,195.57567042243224,40.05620609566215,21.076357857409334,1950_2022
2001-10-01,10,31,60.965926140855366,110.2252025438884,142.09198070420342,17.31077016021584,1950_2022
2001-11-01,11,30,45.620199220021576,99.71544194515812,42.69747573105339,11.019330207322128,1950_2022
2001-12-01,12,31,33.07528359829377,66.00949192865068,88.72052203900297,9.118660204658681,1950_2022
2002-01-01,1,31,32.8996546377246,55.21343194950227,61.06454597039634,10.406709576062042,1950_2022
2002-02-01,2,28.25,44.75435288044567,83.9663659241226,17.822029486800833,10.894680268154104,1950_2022
2002-03-01,3,31,76.72289832061603,123.04982156370463,107.84148210469111,13.015661791207663,1950_2022
2002-04-01,4,30,96.92701015544057,172.94986154893468,67.30861244926584,13.94232296688341,1950_2022
2002-05-01,5,31,85.98541698019912,233.03898039585553,35.38061611318486,15.919328978804856,1950_2022
2002-06-01,6,30,58.99558850320009,275.99711166837864,7.979284107470855,20.720767333271,1950_2022
2002-07-01,7,31,44.41098759676952,333.26354994750284,2.3922270889655053,23.105542913633712,1950_2022
2002-08-01,8,31,35.22101133394328,285.5752213134943,6.762281493417299,22.551865276863907,1950_2022
2002-09-01,9,30,52.7845306620335,147.1298208344728,117.15685152182391,19.203709934093695,1950_2022
2002-10-01,10,31,60.53830780207824,107.26831987444021,66.66515721075878,17.099155147209615,1950_2022
2002-11-01,11,30,35.939668854848186,63.14814201578485,96.36257843856998,12.609824779962764,1950_2022
2002-12-01,12,31,31.04027846822049,50.950019728437454,129.3288976240535,11.531457864369258,1950_2022
2003-01-01,1,31,37.6454545939743,66.28455078162249,73.3701143295025,8.58527441845115,1950_2022
2003-02-01,2,28.25,38.8951687702371,64.91632213926002,94.78132372968129,9.176636920550777,1950_2022
2003-03-01,3,31,74.26027485176563,120.8493507399292,64.81932195689285,12.99053854765441,1950_2022
2003-04-01,4,30,90.76029062129003,147.99492529140068,80.28594880812473,13.697854481538286,1950_2022
2003-05-01,5,31,104.26991898380314,281.48372087553685,5.326631851521581,19.074228601934635,1950_2022
2003-06-01,6,30,62.3985535666828,297.22544411145424,4.971595563123543,22.470697874614928,1950_2022
2003-07-01,7,31,47.667759409063166,309.36781209556636,3.196821943214825,22.890062786234637,1950_2022
2003-08-01,8,31,41.90254787733585,290.3887512405031,10.48550474053148,25.840111346545598,1950_2022
2003-09-01,9,30,25.727078805482055,235.17083595105294,25.078833192084918,22.5016187897574,1950_2022
2003-10-01,10,31,62.73748783007489,124.94085117788667,155.61232952952906,15.791780203842222,1950_2022
2003-11-01,11,30,39.58649460691924,69.60315219440038,98.56109189230608,12.706452639782981,1950_2022
2003-12-01,12,31,27.833140927392062,46.82413693385843,70.49881504571107,9.486812350573643,1950_2022
2004-01-01,1,31,27.798778739454615,46.996048716965795,69.17359999165348,10.344867745777094,1950_2022
2004-02-01,2,28.25,44.13503294480605,73.06272244199738,58.52290040060514,10.56807810196176,1950_2022
2004-03-01,3,31,73.71811588653033,131.98923428529253,50.30506184102396,11.134317360508192,1950_2022
2004-04-01,4,30,90.26148466735934,184.66204496580406,25.842205919076633,13.94232296688341,1950_2022
2004-05-01,5,31,91.14356319169818,219.3204201038805,55.400829251269215,16.455613600807,1950_2022
2004-06-01,6,30,64.02798634952305,315.1597249685354,1.5058833825812648,24.375232991671226,1950_2022
2004-07-01,7,31,41.67346662441953,350.69540475459894,0.1835353322028957,24.46896201569683,1950_2022
2004-08-01,8,31,42.50197715580022,273.4038670694864,18.941638894994295,23.095880127651697,1950_2022
2004-09-01,9,30,27.7814203638929,218.00183980586957,10.54421647016298,22.176949180761483,1950_2022
2004-10-01,10,31,36.20606072148344,127.62267499436305,161.1340589214357,16.952280800282892,1950_2022
2004-11-01,11,30,40.78362889635289,78.28747001202223,19.78102646676257,11.824240279624462,1950_2022
2004-12-01,12,31,29.921598349812484,65.56252129257126,27.729076812971414,8.8423045255729,1950_2022
2005-01-01,1,31,25.33997329148614,69.82593351363609,0.43595724726145507,7.850902683817537,1950_2022
2005-02-01,2,28.25,28.050111245581448,112.85475468998293,11.179923389246042,7.891486384942027,1950_2022
2005-03-01,3,31,43.422120188347435,154.13147194953297,34.57602125893565,12.620453844542965,1950_2022
2005-04-01,4,30,52.97296846685175,191.2168748894497,22.62077301117167,14.402271579627609,1950_2022
2005-05-01,5,31,57.564069535048056,250.53959991619465,35.301734264729056,18.111815118125378,1950_2022
2005-06-01,6,30,31.590819908356174,309.4034530051309,1.6280230188999225,23.785803046767967,1950_2022
2005-07-01,7,31,22.354280961810144,316.9663129089159,1.9189359982307066,23.801263504339204,1950_2022
2005-08-01,8,31,20.307821769091046,319.5449896555278,3.7016657733319436,25.519306851942474,1950_2022
2005-09-01,9,30,16.619251572599456,244.42079899051228,6.95636465330194,22.03587250542398,1950_2022
2005-10-01,10,31,37.962350327175194,145.02014744483768,148.68650323510903,18.035479108867435,1950_2022
2005-11-01,11,30,41.474567514019846,73.42957575388887,76.86603899120196,11.110160395553123,1950_2022
2005-12-01,12,31,30.200313874194002,58.34222640205804,55.63747479663667,9.194996213916625,1950_2022
2006-01-01,1,31,29.589430533083817,56.9669321371983,45.5405981942931,7.618029541650856,1950_2022
2006-02-01,2,28.25,43.05296272017727,73.40737783942076,52.48462213010082,8.652913920325261,1950_2022
2006-03-01,3,31,66.73495569346461,108.91867299227177,100.4896938286097,11.97787857673859,1950_2022
2006-04-01,4,30,97.84333516710583,166.89413035043984,54.42288081764593,15.345359491472834,1950_2022
2006-05-01,5,31,72.89724139691353,281.9994562248593,4.869117130477888,19.53900860766987,1950_2022
2006-06-01,6,30,78.63006879347924,260.0592257119003,54.37707845402643,21.484127425850602,1950_2022
2006-07-01,7,31,50.008206209691544,322.8113135345695,8.623893116974388,25.11250356209939,1950_2022
2006-08-01,8,31,28.046950096780616,317.9977836075607,4.4431551488165155,25.42654410651511,1950_2022
2006-09-01,9,30,39.32046476482286,210.7149984186696,49.93424918293474,21.92958185962175,1950_2022
2006-10-01,10,31,52.963354372312025,125.90355716328857,202.46814751227967,18.335991752908285,1950_2022
2006-11-01,11,30,42.261572463554934,64.91162417798402,157.26445459796787,14.491169210662179,1950_2022
2006-12-01,12,31,31.945149417239943,56.45119678787601,36.87937123384527,9.02589745923126,1950_2022
2007-01-01,1,31,29.299260946056478,54.11319653761456,19.46225909480263,8.713789472012024,1950_2022
2007-02-01,2,28.25,39.09696964814215,64.10168210898628,87.90918798372635,11.042520893679011,1950_2022
2007-03-01,3,31,72.51925732960163,155.43800150114959,14.965993732821445,11.663838032322928,1950_2022
2007-04-01,4,30,89.76267871342866,167.22686283387355,71.81251153851686,13.810909077527924,1950_2022
2007-05-01,5,31,95.29375189036544,223.03371461900156,54.359588851652546,16.760957637838885,1950_2022
2007-06-01,6,30,76.32447682864407,240.9271079144575,48.77392263790733,19.45494236962628,1950_2022
2007-07-01,7,31,47.01105981736973,336.0829031904651,1.0985647742902809,23.413785786460153,1950_2022
2007-08-01,8,31,34.61776403459697,296.0274577264277,9.854449952885082,23.060127819518186,1950_2022
2007-09-01,9,30,54.3807097146117,184.72859146249084,66.60630954043344,21.232894990318073,1950_2022
2007-10-01,10,31,46.85833898209218,154.50967787236937,25.15752855331207,17.532047959204135,1950_2022
2007-11-01,11,30,21.337586410891987,118.71446674922744,42.14784736761937,13.17123264551816,1950_2022
2007-12-01,12,31,24.034210149863128,62.364962126772596,21.055672433609942,9.723550607133177,1950_2022
2008-01-01,1,31,30.765380964720908,56.8981674239554,61.96379904279251,11.049284843866417,1950_2022
2008-02-01,2,28.25,42.416246157132036,86.94293526550726,68.09788451526205,12.089966894130043,1950_2022
2008-03-01,3,31,59.24018070221911,144.47002973889383,22.822625839020073,11.841633294392125,1950_2022
2008-04-01,4,30,90.4425327543416,175.37880867800135,155.73770914398446,14.804243476479655,1950_2022
2008-05-01,5,31,86.08468552312952,179.19620992660012,76.52538826773488,15.34149437708004,1950_2022
2008-06-01,6,30,78.38990296380892,292.66700908841136,3.4143152000604484,21.990457411308512,1950_2022
2008-07-01,7,31,35.904437071810285,314.93775386824797,2.139805173906946,23.098778963446307,1950_2022
2008-08-01,8,31,23.751676604599673,295.1678988108904,3.149492834141291,22.62626872892548,1950_2022
2008-09-01,9,30,33.948139898043436,198.80317551174,33.475933188993686,20.13133738836774,1950_2022
2008-10-01,10,31,44.139908114151886,156.64138398290177,49.65823068368634,16.260425323970196,1950_2022
2008-11-01,11,30,25.690130216302002,93.06079227648235,30.849931008142228,10.588369952524033,1950_2022
2008-12-01,12,31,24.446556405112503,53.184872908834215,49.86332348967142,9.165041577372392,1950_2022
2009-01-01,1,31,29.425255635160465,52.669137559511924,102.27242360371099,8.411344270774748,1950_2022
2009-02-01,2,28.25,46.62622998928903,80.73913811188439,66.44454641738585,10.072377181084107,1950_2022
2009-03-01,3,31,68.70887248942687,176.61753317998821,21.749832700021088,14.372316943083376,1950_2022
2009-04-01,4,30,60.503090941746166,177.9408488004415,51.73580881863515,12.86878744428094,1950_2022
2009-05-01,5,31,79.94530794497223,263.5361307191183,41.10743831107662,18.42102426955006,1950_2022
2009-06-01,6,30,47.94796033836481,262.82090532440066,19.994770830320217,22.471664153213112,1950_2022
2009-07-01,7,31,26.596102161643948,328.51878473373705,2.644649004024065,22.929680208760942,1950_2022
2009-08-01,8,31,16.35235213540264,309.6772533051598,1.2405521015106669,24.983988508538516,1950_2022
2009-09-01,9,30,18.359530122979873,239.0638060072282,12.08622937868619,22.2629479760015,1950_2022
2009-10-01,10,31,32.4147659857184,159.0481489464062,40.460607153738955,19.63563646749003,1950_2022
2009-11-01,11,30,23.417791981728872,88.66872349515636,43.12496445816873,13.76646026201064,1950_2022
2009-12-01,12,31,30.127771477437165,56.038608508418164,194.1066715759639,10.756502428611213,1950_2022
2010-01-01,1,31,32.52167057041268,57.9984028358431,98.1390147446266,9.3563647398164,1950_2022
2010-02-01,2,28.25,43.26868090000681,65.98162064038729,209.46548031018895,9.771864537043257,1950_2022
2010-03-01,3,31,70.629336993042,113.66343820603754,100.04795547725716,11.368156781273115,1950_2022
2010-04-01,4,30,101.45690718891484,166.42830487363247,75.40036335537785,15.223608388099365,1950_2022
2010-05-01,5,31,109.56933196793395,241.9096284042003,43.552775613206684,16.822799468123833,1950_2022
2010-06-01,6,30,78.67440710049533,271.57176963870927,20.910818102710255,21.263815905460547,1950_2022
2010-07-01,7,31,53.833863133394026,355.54331703822925,0.21508807158521562,25.917413634401726,1950_2022
2010-08-01,8,31,38.33269835272325,330.89116734062,2.171357913289266,26.83344574549733,1950_2022
2010-09-01,9,30,26.425407140985026,219.96496145812887,7.68920247121399,21.794302855873468,1950_2022
2010-10-01,10,31,49.73712672707389,127.72582206422751,101.62559244637333,16.0720009973208,1950_2022
2010-11-01,11,30,37.69472684090062,75.95834262798577,80.97298426241728,11.803948429062245,1950_2022
2010-12-01,12,31,33.95342840113966,57.55143219976371,175.4432262313195,10.329407288205857,1950_2022
2011-01-01,1,31,36.89712250111433,68.38187453553344,59.18715797714804,9.530294887492744,1950_2022
2011-02-01,2,28.25,46.38615653109165,77.4492456819327,62.879086867183304,10.111994603610412,1950_2022
2011-03-01,3,31,73.68757171947483,119.3021446919621,75.8627807407061,11.583636908672133,1950_2022
2011-04-01,4,30,97.63272820877954,188.42192202860588,131.4319215165687,17.456678228544376,1950_2022
2011-05-01,5,31,128.97251408994597,203.53891841461595,100.00062636818369,19.28101222194988,1950_2022
2011-06-01,6,30,105.68013093219467,286.0789059164224,7.3991208349571265,21.262849626862362,1950_2022
2011-07-01,7,31,55.26943898500295,330.7880202707555,0.7199319017023343,22.690043116406798,1950_2022
2011-08-01,8,31,47.228687007640225,278.90504412892506,15.533943041703312,23.130666157186965,1950_2022
2011-09-01,9,30,50.6193433360825,218.56748502770694,30.42244228102682,21.969199282148054,1950_2022
2011-10-01,10,31,31.979511605177397,199.99753568260238,54.091390566902774,20.540073235407192,1950_2022
2011-11-01,11,30,40.27373836566819,68.10585601894833,144.5313975117463,12.4513550898576,1950_2022
2011-12-01,12,31,26.874817686025466,50.36551966587204,11.668732467368638,9.402746112530053,1950_2022
2012-01-01,1,31,30.249948145659197,60.92090314866996,11.526745140148252,8.998841658481638,1950_2022
2012-02-01,2,28.25,34.22591397457208,115.20467785423409,0.3685299144382441,8.225818779919962,1950_2022
2012-03-01,3,31,37.89744397218225,193.3273584980331,10.690597546516614,14.237037939335039,1950_2022
2012-04-01,4,30,54.86843109178838,162.16932908568006,54.51448554488493,12.182729639557465,1950_2022
2012-05-01,5,31,88.604579305209,244.5570698640551,53.53921762771212,18.890635668276275,1950_2022
2012-06-01,6,30,36.054209481306344,298.62292054187617,3.4601175636799972,21.69767499605325,1950_2022
2012-07-01,7,31,27.332980191858102,341.03396254395994,0.37285176849681523,23.177047529900676,1950_2022
2012-08-01,8,31,23.488233163745907,303.1789879036979,4.569366106345902,23.59158104852935,1950_2022
2012-09-01,9,30,27.33064757589628,231.11149965316076,39.70505464124596,22.419485108910237,1950_2022
2012-10-01,10,31,45.20131791933082,130.44202823732542,86.74847582760776,16.76482275223168,1950_2022
2012-11-01,11,30,38.00878984893105,66.27582736006248,189.6161907678761,11.814577493642446,1950_2022
2012-12-01,12,31,26.653372474873024,42.97331299225145,74.11160370498713,10.452124670177511,1950_2022
2013-01-01,1,31,31.41062649376854,50.64057851884387,80.09084781793746,9.939997013130437,1950_2022
2013-02-01,2,28.25,42.97989688507372,75.63197176824517,46.748257773121665,8.596869761629534,1950_2022
2013-03-01,3,31,62.58858501567927,96.57540696515649,226.29046574593403,11.177799897427292,1950_2022
2013-04-01,4,30,97.0969736656688,185.79333540947894,29.65906955403521,13.94232296688341,1950_2022
2013-05-01,5,31,82.84318579436362,248.16721730931172,15.186862908497794,16.27781833873786,1950_2022
2013-06-01,6,30,64.40116710024158,294.2308517605502,7.063236835080818,21.34594958630771,1950_2022
2013-07-01,7,31,52.195932175042365,322.2268134720041,2.2660161314362255,24.9308431856374,1950_2022
2013-08-01,8,31,37.73708709514083,319.06363666282687,0.12042985343825585,25.265175580615335,1950_2022
2013-09-01,9,30,31.287841477079755,225.3552276897562,55.73588190807166,23.046599919143375,1950_2022
2013-10-01,10,31,57.50298120093704,116.92976208507932,95.81988840002577,17.502093322659846,1950_2022
2013-11-01,11,30,37.00378822323366,88.16962477000575,10.666356106481636,11.474447427075347,1950_2022
2013-12-01,12,31,28.20730697382204,66.28455078162249,86.87468678513704,9.796021501998325,1950_2022
2014-01-01,1,31,32.12077837780912,56.14175557828262,102.84037291259281,10.540056022613896,1950_2022
2014-02-01,2,28.25,40.975805407947746,67.32890992122468,141.85114053356523,9.842402874712036,1950_2022
2014-03-01,3,31,74.7527995455357,135.5649993739275,47.62307899352644,12.060978536183995,1950_2022
2014-04-01,4,30,91.15933538443458,149.35912847347922,82.63713680725921,15.124081692484538,1950_2022
2014-05-01,5,31,99.02395829201949,265.5646897597864,25.804359710649685,17.82869548885219,1950_2022
2014-06-01,6,30,71.05191315265077,265.71567793027464,24.52920482865096,20.500455812880887,1950_2022
2014-07-01,7,31,55.07853794090602,293.2081044834654,6.6360705358880185,22.79150236921805,1950_2022
2014-08-01,8,31,33.33872703914754,293.75822218940937,1.5718558650250798,22.673616380237377,1950_2022
2014-09-01,9,30,60.89844084597272,152.95263929456414,111.08040461496996,20.288840799874663,1950_2022
2014-10-01,10,31,69.38084416464807,126.7631160788258,89.27269497819363,19.137036710817767,1950_2022
2014-11-01,11,30,38.95097887302236,68.20567576397846,126.3936615184235,13.355791857774761,1950_2022
2014-12-01,12,31,29.623792721021267,52.669137559511924,18.752322458700377,8.629723233968434,1950_2022
2015-01-01,1,31,31.926059312830247,57.241990990170336,42.606193431736976,8.309885017963552,1950_2022
2015-02-01,2,28.25,43.380019315402684,90.01350153346213,20.079195411727436,8.683834835467735,1950_2022
2015-03-01,3,31,65.80717661915352,163.7585318035505,19.241389919126387,12.610791058560949,1950_2022
2015-04-01,4,30,83.03803548265935,158.34290552619143,107.24827352547162,15.363718784838682,1950_2022
2015-05-01,5,31,86.22213427487931,289.8042511779378,5.894581160403447,20.291739635669273,1950_2022
2015-06-01,6,30,62.13621858350444,298.95565302530997,20.81921337547126,23.268843996729856,1950_2022
2015-07-01,7,31,35.70208196506754,328.793843586709,4.506260627581155,24.06795639744297,1950_2022
2015-08-01,8,31,25.920312465540807,287.01928029159694,4.032969536846356,23.55969385478869,1950_2022
2015-09-01,9,30,25.557115295253826,212.04592835240476,14.910708468555514,20.608679015879545,1950_2022
2015-10-01,10,31,50.9245312213568,117.2392032946727,106.68980711723627,17.491464258079645,1950_2022
2015-11-01,11,30,37.646693674966556,77.25599931337757,24.20858828331443,14.004164797168357,1950_2022
2015-12-01,12,31,25.82104392261041,62.846315119473346,39.98731606300411,12.74123866931825,1950_2022
2016-01-01,1,31,32.28877129661443,54.25072596410059,82.48885601099404,11.37202189566591,1950_2022
2016-02-01,2,28.25,44.872649946803804,88.88553841462156,62.692187777858145,10.352597974562741,1950_2022
2016-03-01,3,31,61.905159277812274,123.70308633951316,36.484961991566216,10.39028283989262,1950_2022
2016-04-01,4,30,83.97283478891464,151.72152910585913,86.19445371504054,13.276557012722208,1950_2022
2016-05-01,5,31,104.59445075876793,193.08668200168262,143.22787932196704,16.00726033124124,1950_2022
2016-06-01,6,30,77.83197926719015,298.5896472935327,2.9562915638654816,22.09771433570893,1950_2022
2016-07-01,7,31,61.496631043444836,350.9704636075709,13.9563060725871,26.11066935404216,1950_2022
2016-08-01,8,31,30.86464950765132,326.1120197702326,0.9092483379963614,26.209229771058745,1950_2022
2016-09-01,9,30,28.11395766651336,254.2364072518089,13.429765378191634,23.16931730111503,1950_2022
2016-10-01,10,31,38.85958523443078,140.82549993701576,70.02552395497622,18.308935952158606,1950_2022
2016-11-01,11,30,37.65408339280256,80.98260312783593,81.52261262585131,12.550881785472427,1950_2022
2016-12-01,12,31,30.834105340595805,56.86378506733384,45.20929443077869,11.045419729473622,1950_2022
2017-01-01,1,31,31.540439203754445,63.22452104230984,55.353500142195735,8.621993005182787,1950_2022
2017-02-01,2,28.25,47.489102708607156,86.2536244706603,53.433494429751484,11.256068463881661,1950_2022
2017-03-01,3,31,72.1412732622897,141.2380882164736,80.18550603608442,12.66297010286388,1950_2022
2017-04-01,4,30,72.05691477834816,234.3390047424685,3.0173613820248106,17.670225798747026,1950_2022
2017-05-01,5,31,75.96311216511025,253.221423732671,47.780842690438035,19.571862080008714,1950_2022
2017-06-01,6,30,39.10985780649658,322.71275234248236,7.368585925877462,23.957800637247942,1950_2022
2017-07-01,7,31,26.775549143095056,339.4179917827498,5.610606505962568,24.02157502472926,1950_2022
2017-08-01,8,31,17.20758881295689,327.28101989536333,3.4019147491998503,24.49795037364288,1950_2022
2017-09-01,9,30,9.40319210573547,259.22739450331574,0.20814974669536995,21.414555366780064,1950_2022
2017-10-01,10,31,26.661008516636894,209.52144846675546,28.738764473205762,21.596215743242055,1950_2022
2017-11-01,11,30,21.5666676638083,108.06702727934618,43.20130173086795,13.90463810155353,1950_2022
2017-12-01,12,31,27.229893628045755,62.02113856055767,47.27599886032087,9.764134308257667,1950_2022
2018-01-01,1,31,30.753926902075097,66.62837434783742,47.84394816920273,9.425936798886937,1950_2022
2018-02-01,2,28.25,32.54192044170928,104.64568976953247,55.590022383503026,9.547687902260407,1950_2022
2018-03-01,3,31,70.35825751042435,113.93849705900956,229.1459886600343,10.691761762531655,1950_2022
2018-04-01,4,30,91.20367369145065,146.69726860600886,110.22542716073926,13.264961669543766,1950_2022
2018-05-01,5,31,99.68447590459488,207.9398600621669,48.38034473870222,16.414063621084324,1950_2022
2018-06-01,6,30,85.76853622306513,230.27966844457623,32.22400191672728,19.782510814416753,1950_2022
2018-07-01,7,31,47.801390139931016,273.4038670694864,4.837564391095568,21.546935534733734,1950_2022
2018-08-01,8,31,36.362599577642925,336.770550322895,3.543902076420344,26.709762084927434,1950_2022
2018-09-01,9,30,20.546886602438896,255.13478495708023,4.08608319981317,24.8661025195579,1950_2022
2018-10-01,10,31,27.649875925059007,168.5720617305593,49.70555979275982,18.089590710366735,1950_2022
2018-11-01,11,30,35.78078992137397,66.64183309183974,93.66023898501938,12.442658582473825,1950_2022
2018-12-01,12,31,27.443702797434323,53.52869647504915,19.20983717974407,10.975847670403084,1950_2022
2019-01-01,1,31,27.30625404568453,64.04969760122552,34.76533769522957,9.019133509043854,1950_2022
2019-02-01,2,28.25,47.23511194848529,96.93794179078871,29.999223998984597,11.223214991542761,1950_2022
2019-03-01,3,31,57.3311702612498,183.52838686090806,33.045713398892914,13.860189286036245,1950_2022
2019-04-01,4,30,83.72897410032631,168.1585137874882,98.86644098310273,13.421498802452504,1950_2022
2019-05-01,5,31,60.67957457470996,299.6376051716843,10.280411934546454,20.273380342303426,1950_2022
2019-06-01,6,30,25.143291096437256,286.81091737997673,5.734968290115258,19.926486325548865,1950_2022
2019-07-01,7,31,17.444306107637082,294.85845760129706,2.2817925011274394,22.916152308386074,1950_2022
2019-08-01,8,31,18.93715227247509,298.1935461935816,7.693087305195897,23.768410032000304,1950_2022
2019-09-01,9,30,18.65511883642027,247.61503083147662,12.13203174230574,22.597280370979433,1950_2022
2019-10-01,10,31,21.911390539505266,149.11164788279515,28.155038794632787,17.665394405756047,1950_2022
2019-11-01,11,30,29.920743677417857,78.0212840252753,86.33186080589903,12.884247901852177,1950_2022
2019-12-01,12,31,32.28877129661443,57.79210869611419,139.6466434020733,11.852262358972325,1950_2022
2020-01-01,1,31,31.65879785109454,62.02113856055767,44.35737046745595,9.91100865518439,1950_2022
2020-02-01,2,28.25,41.897826660444935,82.90106742299531,4.336541349341128,12.893910687834193,1950_2022
2020-03-01,3,31,57.46480099211765,147.5300594782066,51.51984230724344,13.190558217482192,1950_2022
2020-04-01,4,30,78.51922302593911,128.82953424561444,110.22542716073926,13.892076479776904,1950_2022
2020-05-01,5,31,110.71473823251553,221.8990968504923,64.26714901770218,19.45397609102804,1950_2022
2020-06-01,6,30,52.208132670824696,275.1652804597942,8.941133743480442,20.46663606194386,1950_2022
2020-07-01,7,31,39.64609753611013,355.19949347201435,4.206509603449169,26.85567015325597,1950_2022
2020-08-01,8,31,19.41440488271741,305.55137051058074,2.6762017434063847,23.774207703589525,1950_2022
2020-09-01,9,30,32.67341357133167,222.32736209050876,33.781282279790325,22.421417666106606,1950_2022
2020-10-01,10,31,31.192999303498034,145.50150043753865,83.23034538647866,16.589926325957094,1950_2022
2020-11-01,11,30,38.55562896879581,71.46645410162967,75.47670062807707,14.250565839709907,1950_2022
2020-12-01,12,31,29.753605431007177,55.14466723625937,47.44953892692368,10.598999017104234,1950_2022
2021-01-01,1,31,27.974407700023782,56.107373221661064,39.00918114215208,8.202628093563078,1950_2022
2021-02-01,2,28.25,43.92279409045764,72.53007319143374,147.47249006634428,11.988507641318847,1950_2022
2021-03-01,3,31,82.75537131407904,166.85294389948473,31.988696629585036,13.216647739633686,1950_2022
2021-04-01,4,30,84.02456281376672,146.3978093709185,117.20265388544342,15.131811921270184,1950_2022
2021-05-01,5,31,98.29089828268728,246.68877597458766,20.740145039786746,16.96484242205952,1950_2022
2021-06-01,6,30,63.340742590774106,277.2947683537704,21.903202647799507,20.594184836906493,1950_2022
2021-07-01,7,31,33.11346380711316,327.10910811225585,1.6822904528632534,23.156755679338403,1950_2022
2021-08-01,8,31,21.35395949074222,301.3911053593804,1.6665140831720395,23.781937932375172,1950_2022
2021-09-01,9,30,53.04317078629386,203.89398250827696,80.25541389904507,20.86377656580487,1950_2022
2021-10-01,10,31,36.12588228296273,160.35467849802282,50.69947108330301,19.560266736830272,1950_2022
2021-11-01,11,30,33.866853001847325,92.22896106789794,12.406845924022718,11.805880986258614,1950_2022
2021-12-01,12,31,24.240383277487823,65.66566836243574,56.96268985069427,12.339266772466203,1950_2022
2022-01-01,1,31,31.773338477552702,84.19775858141942,6.920045190329006,10.43279909821348,1950_2022
2022-02-01,2,28.25,25.972953933351924,112.35343774827602,14.774136645498603,12.522859706124564,1950_2022
2022-03-01,3,31,59.362357370441146,133.3301461935307,131.1116273991548,12.502567855562347,1950_2022
2022-04-01,4,30,86.56293089043622,179.93724370104425,58.74357045241897,13.742303297055571,1950_2022
2022-05-01,5,31,55.22744075530162,291.3514572259049,3.3861383795087443,21.166221767042146,1950_2022
2022-06-01,6,30,28.498222993985888,288.0087543203383,8.941133743480442,21.573991335483413,1950_2022
2022-07-01,7,31,18.05518944874726,357.2968172259253,0.16775896251168196,27.093374688413633,1950_2022
2022-08-01,8,31,10.548960394855945,290.5262806669891,0.5621682047907348,24.023507581925685,1950_2022
2022-09-01,9,30,21.119589734729683,86.23977636608979,28.422405736308644,20.741059183833215,1950_2022
2022-10-01,10,31,19.066964982460995,70.3416688629584,34.79689043461188,19.97190141966439,1950_2022
2022-11-01,11,30,16.47884693371526,32.33711404981625,23.063529192826856,14.120118228952606,1950_2022
2022-12-01,12,31,13.969907105072938,21.278045964090428,108.83539339523429,13.154805909348738,1950_2022
